10.1152/jn.2001.85.1.219,11152722.0,,https://journals.physiology.org/doi/10.1152/jn.2001.85.1.219?url_ver=Z39.88-2003&rfr_id=ori:rid:crossref.org&rfr_dat=cr_pub%20%200pubmed,journals.physiology.org,,,Effect of attentive fixation in macaque thalamus and cortex,,
10.1016/j.neuroimage.2006.07.032,17140815.0,,https://linkinghub.elsevier.com/retrieve/pii/S1053-8119(06)00760-9,linkinghub.elsevier.com,,,Distribution of the dopamine innervation in the macaque and human thalamus,,
10.1523/jneurosci.14-05-02485.1994,7514207.0,PMC6577493,https://www.ncbi.nlm.nih.gov/pmc/articles/PMC6577493/,www.ncbi.nlm.nih.gov,,,Medial lemniscal and spinal projections to the macaque thalamus: an electron microscopic study of differing GABAergic circuitry serving thalamic somatosensory …,,
,,,https://onlinelibrary.wiley.com/doi/abs/10.1002/cne.903130106,onlinelibrary.wiley.com,,,Diverse thalamic projections to the prefrontal cortex in the rhesus monkey,,
10.1002/cne.903130106,1761756.0,,https://onlinelibrary.wiley.com/resolve/openurl?genre=article&sid=nlm:pubmed&issn=0021-9967&date=1991&volume=313&issue=1&spage=65,onlinelibrary.wiley.com,,,Diverse thalamic projections to the prefrontal cortex in the rhesus monkey,,
10.1038/372770a0,7695716.0,,https://www.nature.com/articles/372770a0,www.nature.com,,,A thalamic nucleus specific for pain and temperature sensation,,
,,,,,,,Connexions of the somatic sensory cortex of the rhesus monkey: III.—thalamic connexions,,
10.1002/(sici)1096-9861(19981019)400:2<271::aid-cne8>3.0.co;2-6,9766404.0,,https://onlinelibrary.wiley.com/resolve/openurl?genre=article&sid=nlm:pubmed&issn=0021-9967&date=1998&volume=400&issue=2&spage=271,onlinelibrary.wiley.com,,,Thalamocortical connections of the parabelt auditory cortex in macaque monkeys,,
10.1002/(sici)1096-9861(19960812)372:1<59::aid-cne6>3.0.co;2-l,8841922.0,,https://onlinelibrary.wiley.com/resolve/openurl?genre=article&sid=nlm:pubmed&issn=0021-9967&date=1996&volume=372&issue=1&spage=59,onlinelibrary.wiley.com,,,Thalamic input to mesial and superior area 6 in the macaque monkey,,
10.1016/0165-0173(96)00003-3,,,https://linkinghub.elsevier.com/retrieve/pii/0165017396000033,linkinghub.elsevier.com,,,The primate motor thalamus,,
10.1038/nn.4423,27775722.0,PMC5791896,https://www.ncbi.nlm.nih.gov/pmc/articles/PMC5791896/,www.ncbi.nlm.nih.gov,,,Gravity orientation tuning in macaque anterior thalamus,,
10.1002/cne.902570211,3571529.0,,https://onlinelibrary.wiley.com/resolve/openurl?genre=article&sid=nlm:pubmed&issn=0021-9967&date=1987&volume=257&issue=2&spage=269,onlinelibrary.wiley.com,,,Crossed corticothalamic and thalamocortical connections of macaque prefrontal cortex,,
10.1002/cne.902620207,3624554.0,,https://onlinelibrary.wiley.com/resolve/openurl?genre=article&sid=nlm:pubmed&issn=0021-9967&date=1987&volume=262&issue=2&spage=256,onlinelibrary.wiley.com,,,Cingulate cortex of the rhesus monkey: I. Cytoarchitecture and thalamic afferents,,
10.1002/cne.902440208,3950095.0,,https://onlinelibrary.wiley.com/resolve/openurl?genre=article&sid=nlm:pubmed&issn=0021-9967&date=1986&volume=244&issue=2&spage=213,onlinelibrary.wiley.com,,,"Projections of thalamic gustatory and lingual areas in the monkey, Macaca fascicularis",,
10.1007/s00429-022-02463-4,35147755.0,PMC9106894,https://www.ncbi.nlm.nih.gov/pmc/articles/PMC9106894/,www.ncbi.nlm.nih.gov,,,Spatial–temporal topography in neurogenesis of the macaque thalamus,,
10.1002/cne.902690111,3361000.0,,https://onlinelibrary.wiley.com/resolve/openurl?genre=article&sid=nlm:pubmed&issn=0021-9967&date=1988&volume=269&issue=1&spage=130,onlinelibrary.wiley.com,,,Corticothalamic connections of paralimbic regions in the rhesus monkey,,
10.1016/0006-8993(77)90536-4,405084.0,,https://linkinghub.elsevier.com/retrieve/pii/0006-8993(77)90536-4,linkinghub.elsevier.com,,,… study of the projections of the pretectum in the rhesus monkey (Macaca mulatta): evidence for sensorimotor links to the thalamus and oculomotor nuclei,,
10.1007/bf00236173,410652.0,,https://link.springer.com/article/10.1007/BF00236173,link.springer.com,,,Organization of the thalamo-cortical connexions to the frontal lobe in the rhesus monkey,,
10.1002/cne.902620303,2821085.0,,https://onlinelibrary.wiley.com/resolve/openurl?genre=article&sid=nlm:pubmed&issn=0021-9967&date=1987&volume=262&issue=3&spage=331,onlinelibrary.wiley.com,,,Sagittal cytoarchitectonic maps of the Macaca mulatta thalamus with a revised nomenclature of the motor‐related nuclei validated by observations on their …,,
10.1016/s0168-0102(98)00021-2,9704977.0,,https://linkinghub.elsevier.com/retrieve/pii/S0168-0102(98)00021-2,linkinghub.elsevier.com,,,Distribution of nociceptive neurons in the ventrobasal complex of macaque thalamus,,
10.1002/cne.902360304,4056098.0,,https://onlinelibrary.wiley.com/resolve/openurl?genre=article&sid=nlm:pubmed&issn=0021-9967&date=1985&volume=236&issue=3&spage=315,onlinelibrary.wiley.com,,,Organization of the nigrothalamocortical system in the rhesus monkey,,
10.1152/jn.1989.61.1.1,2918337.0,,https://journals.physiology.org/doi/10.1152/jn.1989.61.1.1?url_ver=Z39.88-2003&rfr_id=ori:rid:crossref.org&rfr_dat=cr_pub%20%200pubmed,journals.physiology.org,,,Neural coding of gustatory information in the thalamus of Macaca mulatta,,
10.1007/bf00250573,2792254.0,,https://link.springer.com/article/10.1007/BF00250573,link.springer.com,,,Motor learning in monkeys (Macaca fascicularis) with lesions in motor thalamus,,
10.1002/cne.902520305,3793981.0,,https://onlinelibrary.wiley.com/resolve/openurl?genre=article&sid=nlm:pubmed&issn=0021-9967&date=1986&volume=252&issue=3&spage=348,onlinelibrary.wiley.com,,,Thalamic connectivity of the second somatosensory area and neighboring somatosensory fields of the lateral sulcus of the macaque,,
10.1002/cne.901950105,7204651.0,,https://onlinelibrary.wiley.com/resolve/openurl?genre=article&sid=nlm:pubmed&issn=0021-9967&date=1981&volume=195&issue=1&spage=25,onlinelibrary.wiley.com,,,Projections of the cerebellar and dorsal column nuclei upon the thalamus of the rhesus monkey,,
10.1007/bf00237252,413724.0,,https://link.springer.com/article/10.1007/BF00237252,link.springer.com,,,Vestibular responses in the rhesus monkey ventroposterior thalamus. II. Vestibulo-proprioceptive convergence at thalamic neurons,,
10.1002/cne.903370102,7506270.0,,https://onlinelibrary.wiley.com/resolve/openurl?genre=article&sid=nlm:pubmed&issn=0021-9967&date=1993&volume=337&issue=1&spage=1,onlinelibrary.wiley.com,,,The organization of projections from the mediodorsal nucleus of the thalamus to orbital and medial prefrontal cortex in macaque monkeys,,
10.1016/0006-8993(76)90424-8,816421.0,,https://linkinghub.elsevier.com/retrieve/pii/0006-8993(76)90424-8,linkinghub.elsevier.com,,,Thalamic projections from the precentral motor cortex in Macaca fascicularis.,,
10.1002/cne.902950212,1694186.0,,https://onlinelibrary.wiley.com/resolve/openurl?genre=article&sid=nlm:pubmed&issn=0021-9967&date=1990&volume=295&issue=2&spage=299,onlinelibrary.wiley.com,,,Anatomical investigation of projections from thalamus to posterior parietal cortex in the rhesus monkey: A WGA‐HRP and fluorescent tracer study,,
10.1017/s0952523800004922,1375095.0,,https://www.cambridge.org/core/journals/visual-neuroscience/article/abs/segregated-thalamocortical-pathways-to-inferior-parietal-and-inferotemporal-cortex-in-macaque-monkey/D15415AF6BF28483F6B6676F4EA32B81,www.cambridge.org,,,Segregated thalamocortical pathways to inferior parietal and inferotemporal cortex in macaque monkey,,
10.1007/bf00237670,4018201.0,,https://link.springer.com/article/10.1007/BF00237670,link.springer.com,,,The thalamic connections with medial area 6 (supplementary motor cortex) in the monkey (macaca fascicularis),,
10.1523/jneurosci.2334-08.2008,18945912.0,PMC2613515,https://www.ncbi.nlm.nih.gov/pmc/articles/PMC2613515/,www.ncbi.nlm.nih.gov,,,Large-scale reorganization in the somatosensory cortex and thalamus after sensory loss in macaque monkeys,,
10.1523/jneurosci.0968-05.2005,15987937.0,PMC6725054,https://www.ncbi.nlm.nih.gov/pmc/articles/PMC6725054/,www.ncbi.nlm.nih.gov,,,The primate thalamus is a key target for brain dopamine,,
10.1016/0891-0618(95)00050-h,7545406.0,,https://linkinghub.elsevier.com/retrieve/pii/089106189500050H,linkinghub.elsevier.com,,,"Acetylcholinesterase histochemistry in the macaque thalamus reveals territories selectively connected to frontal, parietal and temporal association cortices",,
10.1002/cne.902800311,2537345.0,,https://onlinelibrary.wiley.com/resolve/openurl?genre=article&sid=nlm:pubmed&issn=0021-9967&date=1989&volume=280&issue=3&spage=468,onlinelibrary.wiley.com,,,Thalamic input to inferior area 6 and area 4 in the macaque monkey,,
10.1002/cne.902710402,2454970.0,,https://onlinelibrary.wiley.com/resolve/openurl?genre=article&sid=nlm:pubmed&issn=0021-9967&date=1988&volume=271&issue=4&spage=473,onlinelibrary.wiley.com,,,Frontal eye field efferents in the macaque monkey: I. Subcortical pathways and topography of striatal and thalamic terminal fields,,
,17104630.0,PMC1252781,https://www.ncbi.nlm.nih.gov/pmc/articles/PMC1252781/,www.ncbi.nlm.nih.gov,,,The termination of ascending tracts in the thalamus of the macaque monkey,,
10.1002/cne.902560202,3549796.0,,https://onlinelibrary.wiley.com/resolve/openurl?genre=article&sid=nlm:pubmed&issn=0021-9967&date=1987&volume=256&issue=2&spage=175,onlinelibrary.wiley.com,,,"The afferent input to the magnocellular division of the mediodorsal thalamic nucleus in the monkey, Macaca fascicularis",,
10.1016/0006-8993(76)90206-7,819108.0,,https://linkinghub.elsevier.com/retrieve/pii/0006-8993(76)90206-7,linkinghub.elsevier.com,,,Thalamic projections of the dorsomedial prefrontal cortex in the rhesus monkey (Macaca mulatta),,
10.1002/cne.902990103,1698837.0,,https://onlinelibrary.wiley.com/resolve/openurl?genre=article&sid=nlm:pubmed&issn=0021-9967&date=1990&volume=299&issue=1&spage=17,onlinelibrary.wiley.com,,,Thalamic projections to sensorimotor cortex in the macaque monkey: use of multiple retrograde fluorescent tracers,,
10.1002/cne.902270112,6470205.0,,https://onlinelibrary.wiley.com/resolve/openurl?genre=article&sid=nlm:pubmed&issn=0021-9967&date=1984&volume=227&issue=1&spage=109,onlinelibrary.wiley.com,,,Thalamic connections of the insula in the rhesus monkey and comments on the paralimbic connectivity of the medial pulvinar nucleus,,
10.1002/cne.903440403,7523458.0,,https://onlinelibrary.wiley.com/resolve/openurl?genre=article&sid=nlm:pubmed&issn=0021-9967&date=1994&volume=344&issue=4&spage=508,onlinelibrary.wiley.com,,,Contralateral thalamic projections predominantly reach transitional cortices in the rhesus monkey,,
10.1016/j.neuroscience.2007.02.033,17395383.0,,https://linkinghub.elsevier.com/retrieve/pii/S0306-4522(07)00187-X,linkinghub.elsevier.com,,,Thalamocortical and the dual pattern of corticothalamic projections of the posterior parietal cortex in macaque monkeys,,
10.1017/s0952523800002406,8038123.0,,https://www.cambridge.org/core/journals/visual-neuroscience/article/abs/independence-and-merger-of-thalamocortical-channels-within-macaque-monkey-primary-visual-cortex-anatomy-of-interlaminar-projections/C43E2C4F18D0C32CB8C7C8595FE3D31D,www.cambridge.org,,,Independence and merger of thalamocortical channels within macaque monkey primary visual cortex: anatomy of interlaminar projections,,
10.1002/cne.902820107,2468699.0,,https://onlinelibrary.wiley.com/resolve/openurl?genre=article&sid=nlm:pubmed&issn=0021-9967&date=1989&volume=282&issue=1&spage=80,onlinelibrary.wiley.com,,,Thalamic connections of the cortex of the superior temporal sulcus in the rhesus monkey,,
10.1016/0306-4522(88)90006-1,3393286.0,,https://linkinghub.elsevier.com/retrieve/pii/0306-4522(88)90006-1,linkinghub.elsevier.com,,,Projections of cholinergic and non-cholinergic neurons of the brainstem core to relay and associational thalamic nuclei in the cat and macaque monkey,,
10.1002/cne.901710302,401837.0,,https://onlinelibrary.wiley.com/resolve/openurl?genre=article&sid=nlm:pubmed&issn=0021-9967&date=1977&volume=72&issue=3&spage=285,onlinelibrary.wiley.com,,,"Thalamic projections of the superior colliculus in the rhesus monkey, Macaca mulatta. A light and electron microscopic study",,
10.1002/cne.903120403,1761739.0,,https://onlinelibrary.wiley.com/resolve/openurl?genre=article&sid=nlm:pubmed&issn=0021-9967&date=1991&volume=312&issue=4&spage=509,onlinelibrary.wiley.com,,,Prefrontal projections to the mediodorsal nucleus of the thalamus in the rhesus monkey,,
10.1002/cne.902890211,2808770.0,,https://onlinelibrary.wiley.com/resolve/openurl?genre=article&sid=nlm:pubmed&issn=0021-9967&date=1989&volume=289&issue=2&spage=315,onlinelibrary.wiley.com,,,Arborisation pattern and postsynaptic targets of physiologically identified thalamocortical afferents in striate cortex of the macaque monkey,,
10.1007/s00429-021-02377-7,34524542.0,PMC8541979,https://www.ncbi.nlm.nih.gov/pmc/articles/PMC8541979/,www.ncbi.nlm.nih.gov,,,Vision for action: thalamic and cortical inputs to the macaque superior parietal lobule,,
10.1002/cne.902370309,4044894.0,,https://onlinelibrary.wiley.com/resolve/openurl?genre=article&sid=nlm:pubmed&issn=0021-9967&date=1985&volume=237&issue=3&spage=408,onlinelibrary.wiley.com,,,Corticothalamic connections of the posterior parietal cortex in the rhesus monkey,,
,,,,,,,Body representation in ventrobasal thalamus of macaque: a single-unit analysis,,
,8784824.0,,https://europepmc.org/article/med/8784824,europepmc.org,,,Changes in the number of astrocytes and microglia in the thalamus of the monkey Macaca fascicularis following long-term subclinical methylmercury exposure.,,
10.1093/cercor/bhn229,19221145.0,PMC2722424,https://www.ncbi.nlm.nih.gov/pmc/articles/PMC2722424/,www.ncbi.nlm.nih.gov,,,Thalamocortical connections of parietal somatosensory cortical fields in macaque monkeys are highly divergent and convergent,,
10.1002/cne.21440,17626282.0,,https://onlinelibrary.wiley.com/doi/10.1002/cne.21440,onlinelibrary.wiley.com,,,Midline and intralaminar thalamic connections with the orbital and medial prefrontal networks in macaque monkeys,,
10.1007/s00221-005-2361-3,16143859.0,,https://link.springer.com/article/10.1007/s00221-005-2361-3,link.springer.com,,,"Projections from the entorhinal cortex, perirhinal cortex, presubiculum, and parasubiculum to the medial thalamus in macaque monkeys: identifying different …",,
10.1101/2022.02.03.479036,,,https://www.biorxiv.org/content/10.1101/2022.02.03.479036v2,www.biorxiv.org,,,Data-driven multiscale model of macaque auditory thalamocortical circuits reproduces in vivo dynamics,,
10.1002/cne.21155,17072831.0,,https://onlinelibrary.wiley.com/doi/10.1002/cne.21155,onlinelibrary.wiley.com,,,Retrograde analyses of spinothalamic projections in the macaque monkey: input to posterolateral thalamus,,
10.1002/cne.901770409,415071.0,,https://onlinelibrary.wiley.com/resolve/openurl?genre=article&sid=nlm:pubmed&issn=0021-9967&date=1978&volume=177&issue=4&spage=685,onlinelibrary.wiley.com,,,The thalamic afferents to the inferior parietal lobule of the rhesus monkey,,
10.1002/cne.901600306,1112928.0,,https://onlinelibrary.wiley.com/resolve/openurl?genre=article&sid=nlm:pubmed&issn=0021-9967&date=1975&volume=160&issue=3&spage=339,onlinelibrary.wiley.com,,,The ascending projections of the superior colliculus in the rhesus monkey (Macaca mulatta),,
10.1093/cercor/bhab073,34003210.0,PMC8328208,https://www.ncbi.nlm.nih.gov/pmc/articles/PMC8328208/,www.ncbi.nlm.nih.gov,,,Distribution of the noradrenaline innervation and adrenoceptors in the macaque monkey thalamus,,
10.1111/ejn.13208,26855336.0,PMC4855639,https://www.ncbi.nlm.nih.gov/pmc/articles/PMC4855639/,www.ncbi.nlm.nih.gov,,,Complementary subicular pathways to the anterior thalamic nuclei and mammillary bodies in the rat and macaque monkey brain,,
10.1016/0006-8993(75)90930-0,1109293.0,,https://linkinghub.elsevier.com/retrieve/pii/0006-8993(75)90930-0,linkinghub.elsevier.com,,,Afferents to prefrontal cortex from the thalamic mediodorsal nucleus in the rhesus monkey,,
10.1007/bf00231783,8738372.0,,https://link.springer.com/article/10.1007/BF00231783,link.springer.com,,,Reevaluation of synaptic relationships of cerebellar terminals in the ventral lateral nucleus of the rhesus monkey thalamus based on serial section analysis and three …,,
10.1002/cne.903140209,1723998.0,,https://onlinelibrary.wiley.com/resolve/openurl?genre=article&sid=nlm:pubmed&issn=0021-9967&date=1991&volume=314&issue=2&spage=319,onlinelibrary.wiley.com,,,Fine structure of the ventral lateral nucleus (VL) of the Macaca mulatta thalamus: Cell types and synaptology,,
10.1046/j.1460-9568.1998.00246.x,9749763.0,,https://onlinelibrary.wiley.com/resolve/openurl?genre=article&sid=nlm:pubmed&issn=0953-816X&date=1998&volume=10&issue=7&spage=2346,onlinelibrary.wiley.com,,,A population of cholinergic neurons is present in the macaque monkey thalamus,,
10.1016/0006-8993(90)90339-d,1707734.0,,https://linkinghub.elsevier.com/retrieve/pii/0006-8993(90)90339-D,linkinghub.elsevier.com,,,"Topographical projections from the thalamus, subthalamic nucleus and pedunculopontine tegmental nucleus to the striatum in the Japanese monkey, Macaca fuscata",,
10.1002/cne.901780302,418081.0,,https://onlinelibrary.wiley.com/resolve/openurl?genre=article&sid=nlm:pubmed&issn=0021-9967&date=1978&volume=178&issue=3&spage=385,onlinelibrary.wiley.com,,,Thalamic projections to S‐I in macaque monkey,,
10.1002/cne.21060,16871526.0,,https://onlinelibrary.wiley.com/doi/10.1002/cne.21060,onlinelibrary.wiley.com,,,Contribution of feedforward thalamic afferents and corticogeniculate feedback to the spatial summation area of macaque V1 and LGN,,
10.1093/cercor/bhn093,18550594.0,PMC2638784,https://www.ncbi.nlm.nih.gov/pmc/articles/PMC2638784/,www.ncbi.nlm.nih.gov,,,Dopamine innervation in the thalamus: monkey versus rat,,
10.1002/(sici)1096-9861(19990726)410:2<211::aid-cne4>3.0.co;2-x,,,https://onlinelibrary.wiley.com/doi/10.1002/(SICI)1096-9861(19990726)410:2%3C211::AID-CNE4%3E3.0.CO;2-X,onlinelibrary.wiley.com,,,Comparing thalamocortical and corticothalamic microstructure and spatial reciprocity in the macaque ventral posterolateral nucleus (VPLc) and medial pulvinar,,
10.1002/cne.23386,23873330.0,PMC3893768,https://www.ncbi.nlm.nih.gov/pmc/articles/PMC3893768/,www.ncbi.nlm.nih.gov,,,"Thalamic input to representations of the teeth, tongue, and face in somatosensory area 3b of macaque monkeys",,
10.1007/bf00239019,4210700.0,,https://link.springer.com/article/10.1007/BF00239019,link.springer.com,,,Nucleus ventroposterior inferior (VPI) as the vestibular thalamic relay in the rhesus monkey I. Field potential investigation,,
10.1002/cne.902940314,2341622.0,,https://onlinelibrary.wiley.com/resolve/openurl?genre=article&sid=nlm:pubmed&issn=0021-9967&date=1990&volume=294&issue=3&spage=479,onlinelibrary.wiley.com,,,Fine structure of the magnocellular subdivision of the ventral anterior thalamic nucleus (V Amc) of Macaca mulatta: II. Organization of nigrothalamic afferents as …,,
10.1523/jneurosci.2815-12.2012,23223308.0,PMC3672843,https://www.ncbi.nlm.nih.gov/pmc/articles/PMC3672843/,www.ncbi.nlm.nih.gov,,,Drivers of the primate thalamus,,
10.1523/jneurosci.20-10-03884.2000,10804228.0,PMC6772676,https://www.ncbi.nlm.nih.gov/pmc/articles/PMC6772676/,www.ncbi.nlm.nih.gov,,,Progressive transneuronal changes in the brainstem and thalamus after long-term dorsal rhizotomies in adult macaque monkeys,,
10.1111/j.1460-9568.2005.03921.x,15787707.0,,https://onlinelibrary.wiley.com/doi/10.1111/j.1460-9568.2005.03921.x,onlinelibrary.wiley.com,,,Divergence and convergence of thalamocortical projections to premotor and supplementary motor cortex: a multiple tracing study in the macaque monkey,,
10.1016/0304-3940(81)90071-9,6164960.0,,https://linkinghub.elsevier.com/retrieve/pii/0304-3940(81)90071-9,linkinghub.elsevier.com,,,The projection from the dorsal lateral geniculate nucleus of the thalamus to extrastriate visual association cortex in the macaque monkey,,
10.1111/j.1460-9568.2007.05773.x,17880392.0,,https://onlinelibrary.wiley.com/doi/10.1111/j.1460-9568.2007.05773.x,onlinelibrary.wiley.com,,,"Distinct, parallel pathways link the medial mammillary bodies to the anterior thalamus in macaque monkeys",,
10.1016/0168-0102(92)90093-r,1374871.0,,https://linkinghub.elsevier.com/retrieve/pii/0168-0102(92)90093-R,linkinghub.elsevier.com,,,An autoradiographic study of cortical projections from motor thalamic nuclei in the macaque monkey,,
10.1002/cne.10499,12483689.0,,https://onlinelibrary.wiley.com/doi/10.1002/cne.10499,onlinelibrary.wiley.com,,,Somatosensory input to the ventrolateral thalamic region in the macaque monkey: a potential substrate for parkinsonian tremor,,
10.1016/j.jneumeth.2017.10.009,29042259.0,,https://linkinghub.elsevier.com/retrieve/pii/S0165-0270(17)30363-1,linkinghub.elsevier.com,,,"Widespread optogenetic expression in macaque cortex obtained with MR-guided, convection enhanced delivery (CED) of AAV vector to the thalamus",,
10.1002/cne.21647,18253938.0,PMC3757573,https://www.ncbi.nlm.nih.gov/pmc/articles/PMC3757573/,www.ncbi.nlm.nih.gov,,,Thalamic projections to the posteromedial cortex in the macaque,,
10.1002/cne.21934,19085970.0,PMC2646254,https://www.ncbi.nlm.nih.gov/pmc/articles/PMC2646254/,www.ncbi.nlm.nih.gov,,,"Paraventricular thalamic nucleus: Subcortical connections and innervation by serotonin, orexin, and corticotropin‐releasing hormone in macaque monkeys",,
,,,,,,,EXPERIMENTAL HYPOGEUSIA FROM HORSLEY-CLARKE LESIONS OF THE THALAMUS IN MACACA MULATTA,,
,814157.0,,https://europepmc.org/article/med/814157,europepmc.org,,,Stereotaxic coordinates for the Rhesus monkey thalamus and mesencephalon referencing visual afferents and cytoarchitecture.,,
10.1007/s00429-008-0178-0,18317800.0,PMC2649766,https://www.ncbi.nlm.nih.gov/pmc/articles/PMC2649766/,www.ncbi.nlm.nih.gov,,,"Norepinephrinergic afferents and cytology of the macaque monkey midline, mediodorsal, and intralaminar thalamic nuclei",,
10.1002/cne.903350204,8227513.0,,https://onlinelibrary.wiley.com/resolve/openurl?genre=article&sid=nlm:pubmed&issn=0021-9967&date=1993&volume=335&issue=2&spage=173,onlinelibrary.wiley.com,,,"Thalamic projections to areas 3a, 3b, and 4 in the sensorimotor cortex of the mature and infant macaque monkey",,
10.1002/cne.901990104,7263946.0,,https://onlinelibrary.wiley.com/resolve/openurl?genre=article&sid=nlm:pubmed&issn=0021-9967&date=1981&volume=199&issue=1&spage=29,onlinelibrary.wiley.com,,,"Connections of the ventroposterior nucleus of the thalamus with the body surface representations in cortical areas 3b and 1 of the cynomolgus macaque,(Macaca …",,
10.1007/s004290050204,9924930.0,,https://link.springer.com/article/10.1007/s004290050204,link.springer.com,,,Pallidal and cerebellar inputs to thalamocortical neurons projecting to the supplementary motor area in Macaca fuscata: a triple-labeling light microcopic study,,
10.1002/(sici)1096-9861(19990621)409:1<131::aid-cne10>3.0.co;2-a,10363716.0,,https://onlinelibrary.wiley.com/resolve/openurl?genre=article&sid=nlm:pubmed&issn=0021-9967&date=1999&volume=409&issue=1&spage=131,onlinelibrary.wiley.com,,,"Origin of thalamic inputs to the primary, premotor, and supplementary motor cortical areas and to area 46 in macaque monkeys: a multiple retrograde tracing study",,
10.1007/s00429-020-02045-2,32078035.0,,https://link.springer.com/article/10.1007/s00429-020-02045-2,link.springer.com,,,Thalamic afferents emphasize the different functions of macaque precuneate areas,,
10.1002/cne.903530309,7538516.0,,https://onlinelibrary.wiley.com/resolve/openurl?genre=article&sid=nlm:pubmed&issn=0021-9967&date=1995&volume=353&issue=3&spage=415,onlinelibrary.wiley.com,,,Thalamic distribution of projection neurons to the primary motor cortex relative to afferent terminal fields from the globus pallidus in the macaque monkey,,
10.1073/pnas.0900714106,19458249.0,PMC2684842,https://www.ncbi.nlm.nih.gov/pmc/articles/PMC2684842/,www.ncbi.nlm.nih.gov,,,Neural activity in the visual thalamus reflects perceptual suppression,,
10.1016/j.conb.2003.10.014,14662366.0,,https://linkinghub.elsevier.com/retrieve/pii/S0959438803001697,linkinghub.elsevier.com,,,The role of the thalamus in motor control,,
10.1017/s1472928802000031,,,https://www.cambridge.org/core/journals/thalamus-and-related-systems/article/abs/thalamocortical-connections-of-the-parietal-ventral-area-pv-and-the-second-somatosensory-area-s2-in-macaque-monkeys/90AB5F52C52DCA559D24E8C82C13F177,www.cambridge.org,,,Thalamocortical connections of the parietal ventral area (PV) and the second somatosensory area (S2) in macaque monkeys,,
10.1016/0168-0102(96)01045-0,8856718.0,,https://linkinghub.elsevier.com/retrieve/pii/0168-0102(96)01045-0,linkinghub.elsevier.com,,,Origin of thalamocortical projections to the presupplementary motor area (pre-SMA) in the macaque monkey,,
10.1016/s0079-6123(05)49013-5,16226584.0,,https://linkinghub.elsevier.com/retrieve/pii/S0079-6123(05)49013-5,linkinghub.elsevier.com,,,Corticocortical and thalamocortical information flow in the primate visual system,,
10.1002/cne.903450311,7929912.0,,https://onlinelibrary.wiley.com/resolve/openurl?genre=article&sid=nlm:pubmed&issn=0021-9967&date=1994&volume=345&issue=3&spage=447,onlinelibrary.wiley.com,,,Corticothalamic connections of auditory‐related areas of the temporal lobe in the rhesus monkey,,
10.1006/exnr.1993.1024,7679356.0,,https://linkinghub.elsevier.com/retrieve/pii/S0014-4886(83)71024-1,linkinghub.elsevier.com,,,"Laminar termination patterns of thalamic, callosal, and association afferents in the primary auditory area of the rhesus monkey",,
10.1002/cne.24283,28685822.0,PMC6370318,https://www.ncbi.nlm.nih.gov/pmc/articles/PMC6370318/,www.ncbi.nlm.nih.gov,,,Thalamic connections of the core auditory cortex and rostral supratemporal plane in the macaque monkey,,
10.1016/0304-3940(93)90180-s,7689715.0,,https://linkinghub.elsevier.com/retrieve/pii/0304-3940(93)90180-S,linkinghub.elsevier.com,,,The reticular thalamic nucleus projects to the contralateral dorsal thalamus in macaque monkey,,
10.1037/h0044278,13319519.0,,https://psycnet.apa.org:443/doiLanding?doi=10.1037/h0044278,psycnet.apa.org:443,,,The effect of thalamic lesions upon delayed response-type tests in the rhesus monkey.,,
10.1523/jneurosci.2069-15.2015,26424892.0,PMC6605473,https://www.ncbi.nlm.nih.gov/pmc/articles/PMC6605473/,www.ncbi.nlm.nih.gov,,,Intracortical and thalamocortical connections of the hand and face representations in somatosensory area 3b of macaque monkeys and effects of chronic spinal cord …,,
,21434138.0,PMC2601459,https://www.ncbi.nlm.nih.gov/pmc/articles/PMC2601459/,www.ncbi.nlm.nih.gov,,,Localization of taste in the thalamus of Macaca mulatta,,
,9407703.0,,https://europepmc.org/article/med/9407703,europepmc.org,,,Thalamic and amygdaloid connections of the auditory association cortex of the superior temporal gyrus in rhesus monkey (Macaca mulatta).,,
10.1002/(sici)1096-9861(19971006)386:4<601::aid-cne6>3.0.co;2-6,9378854.0,,https://onlinelibrary.wiley.com/resolve/openurl?genre=article&sid=nlm:pubmed&issn=0021-9967&date=1997&volume=386&issue=4&spage=601,onlinelibrary.wiley.com,,,Mode of termination of pallidal afferents to the thalamus: A light and electron microscopic study with anterograde tracers and immunocytochemistry in Macaca mulatta,,
10.1002/cne.20240,15300785.0,,https://onlinelibrary.wiley.com/doi/10.1002/cne.20240,onlinelibrary.wiley.com,,,Distribution of trigeminothalamic and spinothalamic lamina I terminations in the macaque monkey,,
10.1002/(sici)1096-9861(19960916)373:2<271::aid-cne9>3.0.co;2-0,8889927.0,,https://onlinelibrary.wiley.com/resolve/openurl?genre=article&sid=nlm:pubmed&issn=0021-9967&date=1996&volume=373&issue=2&spage=271,onlinelibrary.wiley.com,,,"Histamine‐immunoreactive neurons and their innervation of visual regions in the cortex, tectum, and thalamus in the primate Macaca mulatta",,
10.1093/cercor/10.3.220,10731218.0,,https://academic.oup.com/cercor/article/10/3/220/449570,academic.oup.com,,,The anatomical connections of the macaque monkey orbitofrontal cortex. A review,,
10.1016/s0306-4522(99)00282-1,10501458.0,,https://linkinghub.elsevier.com/retrieve/pii/S0306452299002821,linkinghub.elsevier.com,,,… of GABAB antagonist [3H] CGP 62349 binding in the rhesus monkey thalamus and basal ganglia and the influence of lesions in the reticular thalamic nucleus,,
10.1002/(sici)1096-9861(19960722)371:2<325::aid-cne11>3.0.co;2-r,8835736.0,,https://onlinelibrary.wiley.com/resolve/openurl?genre=article&sid=nlm:pubmed&issn=0021-9967&date=1996&volume=371&issue=2&spage=325,onlinelibrary.wiley.com,,,Transneuronal changes of the inhibitory circuitry in the macaque somatosensory thalamus following lesions of the dorsal column nuclei,,
10.1002/(sici)1096-9861(19990705)409:3<369::aid-cne3>3.0.co;2-h,,,https://onlinelibrary.wiley.com/doi/10.1002/(SICI)1096-9861(19990705)409:3%3C369::AID-CNE3%3E3.0.CO;2-H,onlinelibrary.wiley.com,,,… from the anterior pole of the nucleus reticularis thalami (NRT) to subdivisions of the motor thalamus: light and electron microscopic studies in the rhesus monkey,,
10.1111/ejn.14078,30022540.0,PMC6519510,https://www.ncbi.nlm.nih.gov/pmc/articles/PMC6519510/,www.ncbi.nlm.nih.gov,,,Macaque parvocellular mediodorsal thalamus: dissociable contributions to learning and adaptive decision‐making,,
10.1002/cne.902770304,2461974.0,,https://onlinelibrary.wiley.com/resolve/openurl?genre=article&sid=nlm:pubmed&issn=0021-9967&date=1988&volume=277&issue=3&spage=365,onlinelibrary.wiley.com,,,Basal forebrain efferents to the medial dorsal thalamic nucleus in the rhesus monkey,,
10.1016/0006-8993(76)90160-8,819095.0,,https://linkinghub.elsevier.com/retrieve/pii/0006-8993(76)90160-8,linkinghub.elsevier.com,,,The cortical projections of the inferior pulvinar and adjacent lateral pulvinar in the rhesus monkey (Macaca mulatta): an autoradiographic study,,
10.1002/cne.902430310,3512627.0,,https://onlinelibrary.wiley.com/resolve/openurl?genre=article&sid=nlm:pubmed&issn=0021-9967&date=1986&volume=243&issue=3&spage=409,onlinelibrary.wiley.com,,,"The origin, course, and termination of the hippocampothalamic projections in the macaque",,
10.1111/j.1460-9568.2005.04020.x,15869482.0,,https://onlinelibrary.wiley.com/doi/10.1111/j.1460-9568.2005.04020.x,onlinelibrary.wiley.com,,,Neurochemical characterization of the cerebellar‐recipient motor thalamic territory in the macaque monkey,,
10.1007/s00429-011-0370-5,22179107.0,PMC3322328,https://www.ncbi.nlm.nih.gov/pmc/articles/PMC3322328/,www.ncbi.nlm.nih.gov,,,"The basal ganglia and thalamus of the long-tailed macaque in stereotaxic coordinates. A template atlas based on coronal, sagittal and horizontal brain …",,
,,,,,,,Cortical area 8 and its thalamic projection in Macaca mulatta,,
10.1016/j.neulet.2004.01.008,15016432.0,,https://linkinghub.elsevier.com/retrieve/pii/S0304394004000400,linkinghub.elsevier.com,,,The dual pattern of corticothalamic projection of the primary auditory cortex in macaque monkey,,
10.1017/s1472928802000304,,,https://www.cambridge.org/core/journals/thalamus-and-related-systems/article/abs/pathways-for-emotions-and-memory-ii-afferent-input-to-the-anterior-thalamic-nuclei-from-prefrontal-temporal-hypothalamic-areas-and-the-basal-ganglia-in-the-rhesus-monkey/99D2C63F9C01FAD85CD5FB3C5AE5E653,www.cambridge.org,,,"… for emotions and memory II. Afferent input to the anterior thalamic nuclei from prefrontal, temporal, hypothalamic areas and the basal ganglia in the rhesus monkey",,
10.1002/cne.903090302,1918440.0,,https://onlinelibrary.wiley.com/resolve/openurl?genre=article&sid=nlm:pubmed&issn=0021-9967&date=1991&volume=309&issue=3&spage=289,onlinelibrary.wiley.com,,,Dual mode of corticothalamic synaptic termination in the mediodorsal nucleus of the rhesus monkey,,
10.1152/jn.00969.2003,15306630.0,,https://journals.physiology.org/doi/10.1152/jn.00969.2003?url_ver=Z39.88-2003&rfr_id=ori:rid:crossref.org&rfr_dat=cr_pub%20%200pubmed,journals.physiology.org,,,Comparison of oculomotor neuronal activity in paralaminar and mediodorsal thalamus in the rhesus monkey,,
10.1002/cne.24389,29322527.0,,https://onlinelibrary.wiley.com/doi/10.1002/cne.24389,onlinelibrary.wiley.com,,,Thalamo‐cortical projections to the macaque superior parietal lobule areas PEc and PE,,
10.1002/(sici)1096-9861(19970317)379:3<313::aid-cne1>3.0.co;2-6,,,https://onlinelibrary.wiley.com/doi/10.1002/(SICI)1096-9861(19970317)379:3%3C313::AID-CNE1%3E3.0.CO;2-6,onlinelibrary.wiley.com,,,Topographic organization of medial pulvinar connections with the prefrontal cortex in the rhesus monkey,,
10.1002/cne.902990104,1698838.0,,https://onlinelibrary.wiley.com/resolve/openurl?genre=article&sid=nlm:pubmed&issn=0021-9967&date=1990&volume=299&issue=1&spage=47,onlinelibrary.wiley.com,,,Thalamic projections to sensorimotor cortex in the newborn macaque,,
10.1111/ejn.12389,24134130.0,PMC4112842,https://www.ncbi.nlm.nih.gov/pmc/articles/PMC4112842/,www.ncbi.nlm.nih.gov,,,"The origin of projections from the posterior cingulate and retrosplenial cortices to the anterior, medial dorsal and laterodorsal thalamic nuclei of macaque monkeys",,
10.1002/cne.903570110,7673471.0,,https://onlinelibrary.wiley.com/resolve/openurl?genre=article&sid=nlm:pubmed&issn=0021-9967&date=1995&volume=357&issue=1&spage=98,onlinelibrary.wiley.com,,,Spatial distribution of thalamic projections to the supplementary motor area and the primary motor cortex: a retrograde multiple labeling study in the macaque monkey,,
10.1016/j.conb.2009.05.007,19556121.0,PMC3140205,https://www.ncbi.nlm.nih.gov/pmc/articles/PMC3140205/,www.ncbi.nlm.nih.gov,,,Gain control in the visual thalamus during perception and cognition,,
10.1177/2398212819871205,31588413.0,PMC6712910,https://www.ncbi.nlm.nih.gov/pmc/articles/PMC6712910/,www.ncbi.nlm.nih.gov,,,"Trajectory of hippocampal fibres to the contralateral anterior thalamus and mammillary bodies in rats, mice, and macaque monkeys",,
10.1038/s41598-017-10679-2,28871156.0,PMC5583363,https://www.ncbi.nlm.nih.gov/pmc/articles/PMC5583363/,www.ncbi.nlm.nih.gov,,,Late-onset hypersensitivity after a lesion in the ventral posterolateral nucleus of the thalamus: a macaque model of central post-stroke pain,,
10.1016/s0306-4522(97)00634-9,9607711.0,,https://linkinghub.elsevier.com/retrieve/pii/S0306-4522(97)00634-9,linkinghub.elsevier.com,,,Expression of 10 GABAA receptor subunit messenger RNAs in the motor-related thalamic nuclei and basal ganglia of Macaca mulatta studied with in situ …,,
,,,https://www.jstor.org/stable/82698,www.jstor.org,,,On the thalamo-cortical connexions of the general sensory cortex of Macaca,,
10.1002/cne.21674,18322920.0,,https://onlinelibrary.wiley.com/doi/10.1002/cne.21674,onlinelibrary.wiley.com,,,Retrograde analysis of the cerebellar projections to the posteroventral part of the ventral lateral thalamic nucleus in the macaque monkey,,
10.1016/s0028-3908(99)00130-6,10587083.0,,https://linkinghub.elsevier.com/retrieve/pii/S0028390899001306,linkinghub.elsevier.com,,,Distribution of GABAB binding sites in the thalamus and basal ganglia of the rhesus monkey (Macaca mulatta),,
10.1007/s00429-015-0990-2,25633471.0,,https://link.springer.com/article/10.1007/s00429-015-0990-2,link.springer.com,,,Thalamic projections to visual and visuomotor areas (V6 and V6A) in the Rostral Bank of the parieto-occipital sulcus of the Macaque,,
10.1017/s1472928802000316,,,https://www.cambridge.org/core/journals/thalamus-and-related-systems/article/abs/pathways-for-emotions-and-memory-i-input-and-output-zones-linking-the-anterior-thalamic-nuclei-with-prefrontal-cortices-in-the-rhesus-monkey/82C8F1BECABA367B0FBCD7E3EAACAAB3,www.cambridge.org,,,Pathways for emotions and memory I. Input and output zones linking the anterior thalamic nuclei with prefrontal cortices in the rhesus monkey,,
10.1002/(sici)1096-9861(19971006)386:4<573::aid-cne5>3.0.co;2-%23,,,https://onlinelibrary.wiley.com/doi/10.1002/%28SICI%291096-9861%2819971006%29386%3A4%3C573%3A%3AAID-CNE5%3E3.0.CO%3B2-%23,onlinelibrary.wiley.com,,,Pallidal afferent territory of the Macaca mulatta thalamus: Neuronal and synaptic organization of the VAdc,,
10.1002/cne.902940313,2341621.0,,https://onlinelibrary.wiley.com/resolve/openurl?genre=article&sid=nlm:pubmed&issn=0021-9967&date=1990&volume=294&issue=3&spage=455,onlinelibrary.wiley.com,,,Fine structure of the magnocellular subdivision of the ventral anterior thalamic nucleus (V Amc) of Macaca mulatta: I. Cell types and synaptology,,
10.1159/000315942,,,https://karger.com/bbe/article/6/1-6/409/329565/On-the-Organisation-of-the-Visual-Cortical,karger.com,,,On the Organisation of the Visual Cortical Projection to the Pulvinar in Macaca mulatta (Part 2 of 2),,
10.1007/s002210050584,9870599.0,,https://link.springer.com/article/10.1007/s002210050584,link.springer.com,,,"Microstimulation of movements from cerebellar-receiving, but not pallidal-receiving areas of the macaque thalamus under ketamine anaesthesia",,
10.1007/bf00230949,1385203.0,,https://link.springer.com/article/10.1007/BF00230949,link.springer.com,,,Pallidal inputs to thalamocortical neurons projecting to the supplementary motor area: an anterograde and retrograde double labeling study in the macaque monkey,,
10.1016/s0304-3940(01)02018-3,11489539.0,,https://linkinghub.elsevier.com/retrieve/pii/S0304394001020183,linkinghub.elsevier.com,,,Cerebello–thalamo–cortical projections to the posterior parietal cortex in the macaque monkey,,
10.1002/(sici)1096-9861(20000605)421:3<412::aid-cne9>3.0.co;2-z,,,https://onlinelibrary.wiley.com/doi/10.1002/(SICI)1096-9861(20000605)421:3%3C412::AID-CNE9%3E3.0.CO;2-Z,onlinelibrary.wiley.com,,,Thalamic terminal fields of individual axons from the ventral part of the dentate nucleus of the cerebellum in Macaca mulatta,,
10.1159/000100589,7685538.0,,https://karger.com/sfn/article/60/1-3/42/291849/Cortical-Connections-of-the-Motor-Thalamic-Nuclei,karger.com,,,"Cortical Connections of the Motor Thalamic Nuclei in the Japanese Monkey, Macaca fuscata",,
10.1111/j.1460-9568.2010.07390.x,20846328.0,,https://onlinelibrary.wiley.com/doi/10.1111/j.1460-9568.2010.07390.x,onlinelibrary.wiley.com,,,Thalamic projections to the macaque caudal ventrolateral prefrontal areas 45A and 45B,,
10.1016/s0361-9230(02)00857-2,12379444.0,,https://linkinghub.elsevier.com/retrieve/pii/S0361923002008572,linkinghub.elsevier.com,,,Posterior parietal cortex projections to the ventral lateral and some association thalamic nuclei in Macaca mulatta,,
10.1016/0006-8993(80)90279-6,6768425.0,,https://linkinghub.elsevier.com/retrieve/pii/0006-8993(80)90279-6,linkinghub.elsevier.com,,,Cortical and subcortical afferents to the amygdala of the rhesus monkey (Macaca mulatta),,
10.1016/s0306-4522(01)00021-5,11301210.0,,https://linkinghub.elsevier.com/retrieve/pii/S0306452201000215,linkinghub.elsevier.com,,,Dopamine transporter-immunoreactive axons in the mediodorsal thalamic nucleus of the macaque monkey,,
10.1002/cne.21513,18022943.0,,https://onlinelibrary.wiley.com/doi/10.1002/cne.21513,onlinelibrary.wiley.com,,,Striatal projections of the vagal‐responsive region of the thalamic parafascicular nucleus in macaque monkeys,,
10.1002/(sici)1096-9861(19980629)396:2<169::aid-cne3>3.0.co;2-z,9634140.0,,https://onlinelibrary.wiley.com/resolve/openurl?genre=article&sid=nlm:pubmed&issn=0021-9967&date=1998&volume=396&issue=2&spage=169,onlinelibrary.wiley.com,,,"Dual morphology and topography of the corticothalamic terminals originating from the primary, supplementary motor, and dorsal premotor cortical areas in macaque …",,
10.1002/cne.24134,27778378.0,PMC5841538,https://www.ncbi.nlm.nih.gov/pmc/articles/PMC5841538/,www.ncbi.nlm.nih.gov,,,"Morphology of visual sector thalamic reticular neurons in the macaque monkey suggests retinotopically specialized, parallel stream‐mixed input to the lateral …",,
10.1016/0306-4522(94)90536-3,7891852.0,,https://linkinghub.elsevier.com/retrieve/pii/0306-4522(94)90536-3,linkinghub.elsevier.com,,,The organization of the basal ganglia-thalamocortical circuits: open interconnected rather than closed segregated,,
10.1159/000100200,2080325.0,,https://karger.com/sfn/article/54-55/1-8/114/303620/Structural-and-Connectional-Diversity-of-the,karger.com,,,Structural and connectional diversity of the primate motor thalamus: experimental light and electron microscopic studies in the rhesus monkey,,
10.1098/rspb.1953.0054,13100405.0,,https://royalsocietypublishing.org/doi/10.1098/rspb.1953.0054,royalsocietypublishing.org,,,On the thalamo-cortical connexions of the general sensory cortex of Macaca,,
10.1523/jneurosci.3931-07.2007,18077671.0,PMC6673608,https://www.ncbi.nlm.nih.gov/pmc/articles/PMC6673608/,www.ncbi.nlm.nih.gov,,,Vestibular signals in primate thalamus: properties and origins,,
10.1016/0014-4886(75)90103-x,811490.0,,https://linkinghub.elsevier.com/retrieve/pii/0014-4886(75)90103-X,linkinghub.elsevier.com,,,Projections of the medial pulvinar to orbital cortex and frontal eye fields in the rhesus monkey (Macaca mulatta),,
10.1016/0006-8993(84)90606-1,,,https://linkinghub.elsevier.com/retrieve/pii/0006899384906061,linkinghub.elsevier.com,,,Corticothalamic connections from the second somatosensory area and neighboring regions in the lateral sulcus of macaque monkeys,,
10.1002/(sici)1096-9861(19960805)371:4<513::aid-cne2>3.0.co;2-7,8841906.0,,https://onlinelibrary.wiley.com/resolve/openurl?genre=article&sid=nlm:pubmed&issn=0021-9967&date=1996&volume=371&issue=4&spage=513,onlinelibrary.wiley.com,,,Representation of face and intra‐oral structures in area 3b of macaque monkey somatosensory cortex,,
10.1016/j.brainres.2005.02.005,15829227.0,,https://linkinghub.elsevier.com/retrieve/pii/S0006-8993(05)00209-X,linkinghub.elsevier.com,,,Cerebellar thalamic activity in the macaque monkey encodes the duration but not the force or velocity of wrist movement,,
10.1016/0304-3940(94)90505-3,7535405.0,,https://linkinghub.elsevier.com/retrieve/pii/0304-3940(94)90505-3,linkinghub.elsevier.com,,,Projections from the globus pallidus to the thalamic areas projecting to the dorsal area 6 of the macaque monkey: a multiple tracing study,,
10.1016/j.bandl.2012.10.001,23211411.0,PMC3615046,https://www.ncbi.nlm.nih.gov/pmc/articles/PMC3615046/,www.ncbi.nlm.nih.gov,,,Frontal-thalamic circuits associated with language,,
10.1016/s0306-4522(97)00581-2,9622234.0,,https://linkinghub.elsevier.com/retrieve/pii/S0306-4522(97)00581-2,linkinghub.elsevier.com,,,The core and matrix of thalamic organization,,
10.1007/bf00237639,413731.0,,https://link.springer.com/article/10.1007/BF00237639,link.springer.com,,,Projections from the primary somatosensory cortex to basal ganglia and thalamus in the monkey,,
10.1002/cne.901780103,75893.0,,https://onlinelibrary.wiley.com/resolve/openurl?genre=article&sid=nlm:pubmed&issn=0021-9967&date=1978&volume=178&issue=1&spage=17,onlinelibrary.wiley.com,,,"Anatomical observations on the dorsal column nuclei, their thalamic projection and the cytoarchitecture of some somatosensory thalamic nuclei in the monkey",,
10.1016/s0079-6123(08)62678-3,,,https://linkinghub.elsevier.com/retrieve/pii/S0079612308626783,linkinghub.elsevier.com,,,"Basal ganglia-thalamocortical circuits: parallel substrates for motor, oculomotor,“prefrontal” and “limbic” functions",,
10.1016/s0006-8993(00)03013-4,11146055.0,,https://linkinghub.elsevier.com/retrieve/pii/S0006-8993(00)03013-4,linkinghub.elsevier.com,,,"Efferent projections of infralimbic and prelimbic areas of the medial prefrontal cortex in the Japanese monkey, Macaca fuscata",,
10.1016/0014-4886(77)90112-1,411682.0,,https://linkinghub.elsevier.com/retrieve/pii/0014488677901121,linkinghub.elsevier.com,,,Auditory-visual interaction in single cells in the cortex of the superior temporal sulcus and the orbital frontal cortex of the macaque monkey,,
10.1007/bf00238104,7067782.0,,https://link.springer.com/article/10.1007/BF00238104,link.springer.com,,,An autoradiographic study of efferent connections of the globus pallidus in Macaca mulatta,,
10.1152/jn.1949.12.2.85,18114363.0,,https://journals.physiology.org/doi/10.1152/jn.1949.12.2.85?url_ver=Z39.88-2003&rfr_id=ori:rid:crossref.org&rfr_dat=cr_pub%20%200pubmed,journals.physiology.org,,,Pattern of tactile representation in thalamus of cat,,
10.1016/0006-8993(79)90914-4,115546.0,,https://linkinghub.elsevier.com/retrieve/pii/0006-8993(79)90914-4,linkinghub.elsevier.com,,,Vestibular projections to the monkey thalamus: an autoradiographic study,,
10.1089/brain.2013.0143,23879573.0,PMC3798182,https://www.ncbi.nlm.nih.gov/pmc/articles/PMC3798182/,www.ncbi.nlm.nih.gov,,,"Cortico-cortical, cortico-striatal, and cortico-thalamic white matter fiber tracts generated in the macaque brain via dynamic programming",,
10.1002/cne.902250105,6725639.0,,https://onlinelibrary.wiley.com/resolve/openurl?genre=article&sid=nlm:pubmed&issn=0021-9967&date=1984&volume=225&issue=1&spage=31,onlinelibrary.wiley.com,,,Some observations on the course and composition of the cingulum bundle in the rhesus monkey,,
,,,,,,,Cognitive and perceptual functions of the visual thalamus,,
10.1016/0306-4522(91)90426-o,1922765.0,,https://linkinghub.elsevier.com/retrieve/pii/0306-4522(91)90426-O,linkinghub.elsevier.com,,,Distribution and density of GABA cells in intralaminar and adjacent nuclei of monkey thalamus,,
10.1002/(sici)1096-9861(19960429)368:2<215::aid-cne4>3.0.co;2-6,8725303.0,,https://onlinelibrary.wiley.com/resolve/openurl?genre=article&sid=nlm:pubmed&issn=0021-9967&date=1996&volume=368&issue=2&spage=215,onlinelibrary.wiley.com,,,Comparison of cerebellothalamic and pallidothalamic projections in the monkey (Macaca fuscata): A double anterograde labeling study,,
,,,,,,,Parallel processing in the corticogeniculate pathway of the macaque monkey,,
10.1002/cne.901510302,4126710.0,,https://onlinelibrary.wiley.com/resolve/openurl?genre=article&sid=nlm:pubmed&issn=0021-9967&date=1973&volume=151&issue=3&spage=201,onlinelibrary.wiley.com,,,Organization of pallidothalamic projections in the rhesus monkey,,
10.1002/mds.27921,31800134.0,PMC7154739,https://www.ncbi.nlm.nih.gov/pmc/articles/PMC7154739/,www.ncbi.nlm.nih.gov,,,Changes in thalamic dopamine innervation in a progressive Parkinson's disease model in monkeys,,
10.1016/s0079-6123(05)49001-9,16226572.0,,https://linkinghub.elsevier.com/retrieve/pii/S0079-6123(05)49001-9,linkinghub.elsevier.com,,,Pain and the primate thalamus,,
10.3390/ijms24119643,37298594.0,PMC10254002,https://www.ncbi.nlm.nih.gov/pmc/articles/PMC10254002/,www.ncbi.nlm.nih.gov,,,… Transporters MCT8 and OATP1C1 Are Expressed in Projection Neurons and Interneurons of Basal Ganglia and Motor Thalamus in the Adult Human and Macaque …,,
10.1126/science.282.5391.1117,9804549.0,,https://www.science.org/doi/10.1126/science.282.5391.1117,www.science.org,,,Large-scale sprouting of cortical connections after peripheral injury in adult macaque monkeys,,
10.1016/0006-8993(94)91125-8,7922539.0,,https://linkinghub.elsevier.com/retrieve/pii/0006-8993(94)91125-8,linkinghub.elsevier.com,,,"Preserved features of thalamocortical projection neuron dendritic architecture in the somatosensory thalamus of the rat, cat and macaque",,
10.3109/08990229109144753,1667056.0,,https://www.tandfonline.com/doi/full/10.3109/08990229109144753,www.tandfonline.com,,,Neuronal Responses in Ventroposterolateral Nucleus of Thalamus in Monkeys (Macaca mulatta) during Active Touch of Gratings,,
10.1002/cne.903450204,7523459.0,,https://onlinelibrary.wiley.com/resolve/openurl?genre=article&sid=nlm:pubmed&issn=0021-9967&date=1994&volume=345&issue=2&spage=185,onlinelibrary.wiley.com,,,Cerebellothalamocortical and pallidothalamocortical projections to the primary and supplementary motor cortical areas: a multiple tracing study in macaque monkeys,,
10.1016/j.neuroimage.2010.02.062,20206702.0,PMC2877805,https://www.ncbi.nlm.nih.gov/pmc/articles/PMC2877805/,www.ncbi.nlm.nih.gov,,,Topography of connections between human prefrontal cortex and mediodorsal thalamus studied with diffusion tractography,,
10.1523/jneurosci.5266-07.2008,18354012.0,PMC2670451,https://www.ncbi.nlm.nih.gov/pmc/articles/PMC2670451/,www.ncbi.nlm.nih.gov,,,Structural correlates of efficient GABAergic transmission in the basal ganglia–thalamus pathway,,
,17104607.0,PMC1249139,https://www.ncbi.nlm.nih.gov/pmc/articles/PMC1249139/,www.ncbi.nlm.nih.gov,,,The thalamic connections of the temporal lobe of the brain in the monkey,,
10.1001/archneur.1965.00470020003001,14318481.0,,https://jamanetwork.com/journals/jamaneurology/article-abstract/565945,jamanetwork.com,,,Effects of Lesions in the Intralaminar Thalamic Nuclei Upon Subthalamic Dyskinesia: A Study in the Rhesus Monkey,,
10.1016/s0306-4522(97)00549-6,9579788.0,,https://linkinghub.elsevier.com/retrieve/pii/S0306-4522(97)00549-6,linkinghub.elsevier.com,,,Adrenergic innervation of the monkey thalamus: an immunohistochemical study,,
10.1002/cne.901620302,1150923.0,,https://onlinelibrary.wiley.com/resolve/openurl?genre=article&sid=nlm:pubmed&issn=0021-9967&date=1975&volume=162&issue=3&spage=285,onlinelibrary.wiley.com,,,Some aspects of the organization of the thalamic reticular complex,,
10.1111/j.1749-6632.1999.tb09297.x,10415679.0,,https://onlinelibrary.wiley.com/resolve/openurl?genre=article&sid=nlm:pubmed&issn=0077-8923&date=1999&volume=877&spage=667,onlinelibrary.wiley.com,,,Afferent connections to the ventral striatum from the medial prefrontal cortex (area 25) and the thalamic nuclei in the macaque monkey,,
10.1080/08990220220131533,12088388.0,,https://www.tandfonline.com/doi/full/10.1080/08990220220131533,www.tandfonline.com,,,The relationship between MI and SMA afferents and cerebellar and pallidal efferents in the macaque monkey,,
10.1017/s1472928803000190,,,https://www.cambridge.org/core/journals/thalamus-and-related-systems/article/abs/dual-pattern-of-corticothalamic-projection-of-the-premotor-cortex-in-macaque-monkeys/DFB132B8EBB554B776FB24FDFAC72D75,www.cambridge.org,,,The dual pattern of corticothalamic projection of the premotor cortex in macaque monkeys,,
10.1002/cne.901470404,4122705.0,,https://onlinelibrary.wiley.com/resolve/openurl?genre=article&sid=nlm:pubmed&issn=0021-9967&date=1973&volume=147&issue=4&spage=455,onlinelibrary.wiley.com,,,"Organization of neurons in the visual cortex, area 17, of the monkey (Macaca mulatta)",,
10.1016/s0166-2236(00)01922-6,11576674.0,,https://linkinghub.elsevier.com/retrieve/pii/S0166-2236(00)01922-6,linkinghub.elsevier.com,,,The thalamic matrix and thalamocortical synchrony,,
10.1016/s0028-3932(97)00042-0,9256374.0,,https://linkinghub.elsevier.com/retrieve/pii/S0028-3932(97)00042-0,linkinghub.elsevier.com,,,The effect of anterior thalamic and cingulate cortex lesions on object-in-place memory in monkeys,,
10.1007/bf00237265,413727.0,,https://link.springer.com/article/10.1007/BF00237265,link.springer.com,,,Topographical projections of the prestriate cortex to the pulvinar nuclei in the macaque monkey: an autoradiographic study,,
10.1016/0014-4886(76)90260-0,817922.0,,https://linkinghub.elsevier.com/retrieve/pii/0014-4886(76)90260-0,linkinghub.elsevier.com,,,Some connections of the posterior thalamus in monkey,,
,,,,,,,Magnetic resonance imaging of neuronal connections in the macaque monkey,,
10.1001/archneur.1982.00510180003001,7046701.0,,https://jamanetwork.com/journals/jamaneurology/article-abstract/580777,jamanetwork.com,,,Symmetry and asymmetry in the human posterior thalamus: I. Cytoarchitectonic analysis in normal persons,,
10.1016/s0306-4522(03)00064-2,12732248.0,,https://linkinghub.elsevier.com/retrieve/pii/S0306452203000642,linkinghub.elsevier.com,,,… and binding parameters of GABAA receptors in the thalamic nuclei of Macaca mulatta and changes caused by lesioning in the globus pallidus and reticular thalamic …,,
10.1016/0006-8993(79)90260-9,88245.0,,https://linkinghub.elsevier.com/retrieve/pii/0006-8993(79)90260-9,linkinghub.elsevier.com,,,"… of the projections of the dorsal lateral geniculate nucleus, the inferior pulvinar and adjacent lateral pulvinar to primary visual cortex (area 17) in the macaque monkey",,
10.1093/brain/123.3.601,10686182.0,,https://academic.oup.com/brain/article/123/3/601/348813,academic.oup.com,,,"… and immunohistochemical characterization of a specific pain and temperature relay, the posterior portion of the ventral medial nucleus, in the human thalamus",,
10.1016/0006-8993(80)90340-6,7407579.0,,https://linkinghub.elsevier.com/retrieve/pii/0006-8993(80)90340-6,linkinghub.elsevier.com,,,Thalamic projections from lateral cervical nucleus in monkey. A degeneration study,,
10.1016/s0006-8993(03)02548-4,12742623.0,,https://linkinghub.elsevier.com/retrieve/pii/S0006899303025484,linkinghub.elsevier.com,,,Efferent subcortical projections of the laryngeal motorcortex in the rhesus monkey,,
10.1016/j.brainresrev.2010.12.002,21223979.0,,https://linkinghub.elsevier.com/retrieve/pii/S0165-0173(11)00002-6,linkinghub.elsevier.com,,,The thalamocortical vestibular system in animals and humans,,
,,,,,,,Gain modulation by nicotine in macaque v1,,
10.1007/978-1-4684-5871-8_7,,,https://link.springer.com/chapter/10.1007/978-1-4684-5871-8_7,link.springer.com,,,"… organization of the thalamostriatal projection in the Japanese monkey, Macaca fuscata, with special reference to the centromedian-parafascicular and motor thalamic …",,
10.1002/cne.902220106,6321564.0,,https://onlinelibrary.wiley.com/resolve/openurl?genre=article&sid=nlm:pubmed&issn=0021-9967&date=1984&volume=222&issue=1&spage=56,onlinelibrary.wiley.com,,,Projections of the amygdala to the thalamus in the cynomolgus monkey,,
10.1016/s0079-6123(08)60486-0,2847245.0,,https://linkinghub.elsevier.com/retrieve/pii/S0079-6123(08)60486-0,linkinghub.elsevier.com,,,Some extra-striate corticothalamic connections in macaque monkeys,,
10.1152/jn.00729.2009,19955294.0,PMC2822684,https://www.ncbi.nlm.nih.gov/pmc/articles/PMC2822684/,www.ncbi.nlm.nih.gov,,,Responses of ventral posterior thalamus neurons to three-dimensional vestibular and optic flow stimulation,,
10.1016/0165-0173(89)90007-6,2720229.0,,https://linkinghub.elsevier.com/retrieve/pii/0165-0173(89)90007-6,linkinghub.elsevier.com,,,A new parcellation of the human thalamus on the basis of histochemical staining,,
10.3389/fncir.2015.00079,26696836.0,PMC4667082,https://www.ncbi.nlm.nih.gov/pmc/articles/PMC4667082/,www.ncbi.nlm.nih.gov,,,Vestibular interactions in the thalamus,,
10.1002/(sici)1096-9861(19980427)394:1<118::aid-cne9>3.0.co;2-3,9580521.0,,https://onlinelibrary.wiley.com/resolve/openurl?genre=article&sid=nlm:pubmed&issn=0021-9967&date=1998&volume=394&issue=1&spage=118,onlinelibrary.wiley.com,,,GABAB receptor gene expression in monkey thalamus,,
10.1016/0014-4886(69)90094-6,4983045.0,,https://linkinghub.elsevier.com/retrieve/pii/0014488669900946,linkinghub.elsevier.com,,,The thalamic projection of hypoglossal afferents in the rhesus monkey,,
10.1007/bf00523634,4197942.0,,https://link.springer.com/article/10.1007/BF00523634,link.springer.com,,,Architectonic parcellation of the temporal operculum in rhesus monkey and its projection pattern,,
10.1002/cne.902420406,2418080.0,,https://onlinelibrary.wiley.com/resolve/openurl?genre=article&sid=nlm:pubmed&issn=0021-9967&date=1985&volume=242&issue=4&spage=535,onlinelibrary.wiley.com,,,The primate mediodorsal (MD) nucleus and its projection to the frontal lobe,,
10.1038/199820a0,14071208.0,,https://www.nature.com/articles/199820a0,www.nature.com,,,Thalamic microneurones,,
10.1016/j.brainresbull.2008.09.013,18950692.0,PMC4459637,https://www.ncbi.nlm.nih.gov/pmc/articles/PMC4459637/,www.ncbi.nlm.nih.gov,,,The cortico-basal ganglia integrative network: the role of the thalamus,,
10.1016/s0079-6123(08)62676-x,2094916.0,,https://linkinghub.elsevier.com/retrieve/pii/S007961230862676X,linkinghub.elsevier.com,,,Prefrontal cortex in relation to other cortical areas in rhesus monkey: architecture and connections,,
10.1002/cne.901980111,6164704.0,,https://onlinelibrary.wiley.com/resolve/openurl?genre=article&sid=nlm:pubmed&issn=0021-9967&date=1981&volume=198&issue=1&spage=121,onlinelibrary.wiley.com,,,Direct and indirect pathways from the amygdala to the frontal lobe in rhesus monkeys,,
10.1016/0304-3940(95)11273-y,7540266.0,,https://linkinghub.elsevier.com/retrieve/pii/030439409511273Y,linkinghub.elsevier.com,,,Nucleus reticularis thalami input to the anterior thalamic nuclei in the monkey: a light and electron microscopic study,,
10.1016/j.neulet.2013.02.007,23428509.0,PMC4349366,https://www.ncbi.nlm.nih.gov/pmc/articles/PMC4349366/,www.ncbi.nlm.nih.gov,,,Dose-dependent effect of isoflurane on regional cerebral blood flow in anesthetized macaque monkeys,,
10.1515/revneuro.2007.18.6.417,18330211.0,PMC2855189,https://www.ncbi.nlm.nih.gov/pmc/articles/PMC2855189/,www.ncbi.nlm.nih.gov,,,Circuits for multisensory integration and attentional modulation through the prefrontal cortex and the thalamic reticular nucleus in primates,,
10.1002/cne.902970304,1697864.0,,https://onlinelibrary.wiley.com/resolve/openurl?genre=article&sid=nlm:pubmed&issn=0021-9967&date=1990&volume=297&issue=3&spage=359,onlinelibrary.wiley.com,,,Topographic intermingling of striatonigral and striatopallidal neurons in the rhesus monkey,,
10.1038/s41593-017-0020-1,29184210.0,,https://www.nature.com/articles/s41593-017-0020-1,www.nature.com,,,Thalamic functions in distributed cognitive control,,
10.1093/cercor/2.3.217,1511222.0,,https://academic.oup.com/cercor/article/2/3/217/444951,academic.oup.com,,,The spatial distribution of pulvinar neurons that project to two subregions of the inferior parietal lobule in the macaque,,
10.1006/taap.1995.1193,7570604.0,,https://linkinghub.elsevier.com/retrieve/pii/S0041-008X(85)71193-3,linkinghub.elsevier.com,,,Demethylation of methyl mercury in different brain sites of Macaca-fascicularis monkeys during long-term subclinical methyl mercury exposure,,
10.1016/0304-3940(95)12056-a,8577391.0,,https://linkinghub.elsevier.com/retrieve/pii/030439409512056A,linkinghub.elsevier.com,,,Prefrontal cortex projections to the basilar pons in rhesus monkey: implications for the cerebellar contribution to higher function,,
10.1002/cne.901440105,4623850.0,,https://onlinelibrary.wiley.com/resolve/openurl?genre=article&sid=nlm:pubmed&issn=0021-9967&date=1972&volume=144&issue=1&spage=93,onlinelibrary.wiley.com,,,Nigrostriatal and nigrothalamic fibers in the rhesus monkey,,
10.1016/j.neuroscience.2009.04.034,19376204.0,PMC2700123,https://www.ncbi.nlm.nih.gov/pmc/articles/PMC2700123/,www.ncbi.nlm.nih.gov,,,Laminar and modular organization of prefrontal projections to multiple thalamic nuclei,,
10.1016/b978-0-08-017007-7.50009-4,,,https://linkinghub.elsevier.com/retrieve/pii/B9780080170077500094,linkinghub.elsevier.com,,,Idea of a new anatomy of the thalamus,,
10.1002/cne.22078,19459221.0,PMC2716797,https://www.ncbi.nlm.nih.gov/pmc/articles/PMC2716797/,www.ncbi.nlm.nih.gov,,,Selective reduction of neuron number and volume of the mediodorsal nucleus of the thalamus in macaques following irradiation at early gestational ages,,
10.1007/pl00005713,9262198.0,,https://link.springer.com/article/10.1007/PL00005713,link.springer.com,,,Thalamic and temporal cortex input to medial prefrontal cortex in rhesus monkeys,,
10.1126/science.1114317,1114317.0,,https://www.science.org/doi/10.1126/science.1114317,www.science.org,,,Basal forebrain and hypothalamic connection to frontal and parietal cortex in the Rhesus monkey,,
10.1093/cercor/13.1.15,12466211.0,,https://academic.oup.com/cercor/article/13/1/15/354634,academic.oup.com,,,Anatomical substrates for functional columns in macaque monkey primary visual cortex,,
10.1002/(sici)1096-9861(19970526)382:1<89::aid-cne6>3.0.co;2-g,,,https://onlinelibrary.wiley.com/doi/10.1002/(SICI)1096-9861(19970526)382:1%3C89::AID-CNE6%3E3.0.CO;2-G,onlinelibrary.wiley.com,,,Serial and parallel processing in rhesus monkey auditory cortex,,
10.1016/0006-8993(78)91103-4,99206.0,,https://linkinghub.elsevier.com/retrieve/pii/0006-8993(78)91103-4,linkinghub.elsevier.com,,,Prenatal removal of frontal association cortex in the fetal rhesus monkey: anatomical and functional consequences in postnatal life,,
10.1073/pnas.97.22.11829,11050216.0,PMC34356,https://www.ncbi.nlm.nih.gov/pmc/articles/PMC34356/,www.ncbi.nlm.nih.gov,,,Spatial processing in the auditory cortex of the macaque monkey,,
10.1007/978-1-4615-1235-6_7,,,https://link.springer.com/chapter/10.1007/978-1-4615-1235-6_7,link.springer.com,,,Neuroanatomical organization and connections of the motor thalamus in primates,,
10.1093/cercor/bhn228,19150924.0,PMC2722423,https://www.ncbi.nlm.nih.gov/pmc/articles/PMC2722423/,www.ncbi.nlm.nih.gov,,,The thalamocortical projection systems in primate: an anatomical support for multisensory and sensorimotor interplay,,
10.1523/jneurosci.1724-21.2021,34903572.0,PMC8824507,https://www.ncbi.nlm.nih.gov/pmc/articles/PMC8824507/,www.ncbi.nlm.nih.gov,,,"Pathways for memory, cognition and emotional context: hippocampal, subgenual area 25, and amygdalar axons show unique interactions in the primate thalamic …",,
10.1016/s0960-9822(00)00043-9,11166178.0,,https://linkinghub.elsevier.com/retrieve/pii/S0960-9822(00)00043-9,linkinghub.elsevier.com,,,Independent parcellation of the embryonic visual cortex and thalamus revealed by combinatorial Eph/ephrin gene expression,,
10.1007/bf00237587,3754221.0,,https://link.springer.com/article/10.1007/BF00237587,link.springer.com,,,Direct retinal pathways to the limbic thalamus of the monkey,,
10.1002/cne.902770209,2466060.0,,https://onlinelibrary.wiley.com/resolve/openurl?genre=article&sid=nlm:pubmed&issn=0021-9967&date=1988&volume=277&issue=2&spage=281,onlinelibrary.wiley.com,,,Basal forebrain cholinergic and noncholinergic projections to the thalamus and brainstem in cats and monkeys,,
10.1046/j.1460-9568.2000.00262.x,11029636.0,,https://onlinelibrary.wiley.com/resolve/openurl?genre=article&sid=nlm:pubmed&issn=0953-816X&date=2000&volume=12&issue=10&spage=3664,onlinelibrary.wiley.com,,,Localization of nAChR subunit mRNAs in the brain of Macaca mulatta,,
10.1523/jneurosci.04-02-00539.1984,6199485.0,PMC6564912,https://www.ncbi.nlm.nih.gov/pmc/articles/PMC6564912/,www.ncbi.nlm.nih.gov,,,The origin of thalamic inputs to the arcuate premotor and supplementary motor areas,,
10.1002/cne.902400103,4056103.0,,https://onlinelibrary.wiley.com/resolve/openurl?genre=article&sid=nlm:pubmed&issn=0021-9967&date=1985&volume=240&issue=1&spage=16,onlinelibrary.wiley.com,,,Connections of area 2 of somatosensory cortex with the anterior pulvinar and subdivisions of the ventroposterior complex in macaque monkeys,,
,8337932.0,,https://europepmc.org/article/med/8337932,europepmc.org,,,"The degree of GABA immunoreactivity is related to neuronal size in the thalamic reticular nucleus of the Japanese monkey, Macaca fuscata.",,
10.1073/pnas.1008054107,20628011.0,PMC2922151,https://www.ncbi.nlm.nih.gov/pmc/articles/PMC2922151/,www.ncbi.nlm.nih.gov,,,Network architecture of the long-distance pathways in the macaque brain,,
10.1002/cne.903350205,8227514.0,,https://onlinelibrary.wiley.com/resolve/openurl?genre=article&sid=nlm:pubmed&issn=0021-9967&date=1993&volume=335&issue=2&spage=200,onlinelibrary.wiley.com,,,"Ipsilateral cortical projections to areas 3a, 3b, and 4 in the macaque monkey",,
10.1016/s0166-2236(99)01482-4,10631787.0,,https://linkinghub.elsevier.com/retrieve/pii/S0166-2236(99)01482-4,linkinghub.elsevier.com,,,The primate pulvinar nuclei: vision and action,,
10.3389/fnsys.2015.00039,25852498.0,PMC4362213,https://www.ncbi.nlm.nih.gov/pmc/articles/PMC4362213/,www.ncbi.nlm.nih.gov,,,The cognitive thalamus,,
10.1038/nature07382,18849967.0,PMC2713033,https://www.ncbi.nlm.nih.gov/pmc/articles/PMC2713033/,www.ncbi.nlm.nih.gov,,,Guarding the gateway to cortex with attention in visual thalamus,,
10.1016/0006-8993(75)90079-7,1111842.0,,https://linkinghub.elsevier.com/retrieve/pii/0006-8993(75)90079-7,linkinghub.elsevier.com,,,Subcortical afferents to the frontal lobe in the rhesus monkey studied by means of retrograde horseradish peroxidase transport,,
10.1523/jneurosci.5511-05.2006,16837581.0,PMC6674204,https://www.ncbi.nlm.nih.gov/pmc/articles/PMC6674204/,www.ncbi.nlm.nih.gov,,,Prefrontal projections to the thalamic reticular nucleus form a unique circuit for attentional mechanisms,,
10.1002/cne.903350106,8408774.0,,https://onlinelibrary.wiley.com/resolve/openurl?genre=article&sid=nlm:pubmed&issn=0021-9967&date=1993&volume=335&issue=1&spage=73,onlinelibrary.wiley.com,,,Subcortical connections of inferior temporal areas TE and TEO in macaque monkeys,,
10.1016/s0079-6123(02)36031-x,12143395.0,,https://linkinghub.elsevier.com/retrieve/pii/S0079-6123(02)36031-X,linkinghub.elsevier.com,,,Anatomical origins of the classical receptive field and modulatory surround field of single neurons in macaque visual cortical area V1,,
,,,,,,,Cortical organization in gustation (Macaca mulatta),,
10.1016/b978-0-08-042274-9.50017-1,,,https://linkinghub.elsevier.com/retrieve/pii/B9780080422749500171,linkinghub.elsevier.com,,,"Neuron populations in sensorimotor thalamic space: Connections, parcellation, and relation to corticospinal projections in the macaque monkey",,
10.1016/0006-8993(77)90474-7,402983.0,,https://linkinghub.elsevier.com/retrieve/pii/0006-8993(77)90474-7,linkinghub.elsevier.com,,,Heterogeneous afferents to the inferior parietal lobule of the rhesus monkey revealed by the retrograde transport method,,
,,,,,,,Thalamic input to areas 3a and 2 in monkeys.,,
10.1007/s00429-015-1091-y,26254903.0,PMC4747860,https://www.ncbi.nlm.nih.gov/pmc/articles/PMC4747860/,www.ncbi.nlm.nih.gov,,,The origins of thalamic inputs to grasp zones in frontal cortex of macaque monkeys,,
10.1016/0006-8993(79)90240-3,114272.0,,https://linkinghub.elsevier.com/retrieve/pii/0006-8993(79)90240-3,linkinghub.elsevier.com,,,Organization of somatic thalamus in monkeys with and without section of dorsal spinal tracts,,
10.1016/0006-8993(77)90090-7,401466.0,,https://linkinghub.elsevier.com/retrieve/pii/0006-8993(77)90090-7,linkinghub.elsevier.com,,,Morphological organization of catecholamine terminals in the diencephalon of the rhesus monkey,,
10.1002/cne.903110402,1757597.0,,https://onlinelibrary.wiley.com/resolve/openurl?genre=article&sid=nlm:pubmed&issn=0021-9967&date=1991&volume=311&issue=4&spage=445,onlinelibrary.wiley.com,,,Architecture of superior and mesial area 6 and the adjacent cingulate cortex in the macaque monkey,,
10.1007/978-1-349-11597-6_12,,,https://link.springer.com/chapter/10.1007/978-1-349-11597-6_12,link.springer.com,,,Distribution of thalamic input to the sensorimotor cortex of the macaque monkey,,
10.1016/0306-4522(91)90151-d,1713657.0,,https://linkinghub.elsevier.com/retrieve/pii/0306-4522(91)90151-D,linkinghub.elsevier.com,,,Restricted cortical termination fields of the midline and intralaminar thalamic nuclei in the rat,,
10.1002/cne.902170307,6886056.0,,https://onlinelibrary.wiley.com/resolve/openurl?genre=article&sid=nlm:pubmed&issn=0021-9967&date=1983&volume=217&issue=3&spage=307,onlinelibrary.wiley.com,,,… retinorecipient and nonretinorecipient nuclei of the pretectal complex and layers of the superior colliculus to the lateral pulvinar and medial pulvinar in the macaque …,,
10.1038/387281a0,9153392.0,,https://www.nature.com/articles/387281a0,www.nature.com,,,Dynamics of orientation tuning in macaque primary visual cortex,,
10.1002/cne.901680204,821975.0,,https://onlinelibrary.wiley.com/resolve/openurl?genre=article&sid=nlm:pubmed&issn=0021-9967&date=1976&volume=168&issue=2&spage=249,onlinelibrary.wiley.com,,,The posterior thalamic region and its cortical projection in New World and Old World monkeys,,
10.1371/journal.pone.0000848,17786219.0,PMC1952177,https://www.ncbi.nlm.nih.gov/pmc/articles/PMC1952177/,www.ncbi.nlm.nih.gov,,,Parallel driving and modulatory pathways link the prefrontal cortex and thalamus,,
10.1176/appi.ajp.160.6.1100,12777268.0,,https://ajp.psychiatryonline.org/doi/10.1176/appi.ajp.160.6.1100?url_ver=Z39.88-2003&rfr_id=ori:rid:crossref.org&rfr_dat=cr_pub%20%200pubmed,ajp.psychiatryonline.org,,,Altered transcript expression of NMDA receptor-associated postsynaptic proteins in the thalamus of subjects with schizophrenia,,
10.1016/0165-0173(94)00007-c,7711769.0,,https://linkinghub.elsevier.com/retrieve/pii/016501739400007C,linkinghub.elsevier.com,,,Functional anatomy of the basal ganglia. I. The cortico-basal ganglia-thalamo-cortical loop,,
10.1007/978-1-4899-0194-1_3,,,https://link.springer.com/chapter/10.1007/978-1-4899-0194-1_3,link.springer.com,,,The basal ganglia-thalamo-cortical connections with special reference to output neuronal distributions in macaque monkeys,,
10.1016/b978-0-08-042274-9.50021-3,,,https://linkinghub.elsevier.com/retrieve/pii/B9780080422749500213,linkinghub.elsevier.com,,,Cortical projections of motor thalamus,,
10.1016/s0361-9230(96)00107-4,8978932.0,,https://linkinghub.elsevier.com/retrieve/pii/S0361923096001074,linkinghub.elsevier.com,,,GABAergic neurons in mammalian thalamus: a marker of thalamic complexity?,,
10.1016/0014-4886(70)90196-2,4985789.0,,https://linkinghub.elsevier.com/retrieve/pii/0014-4886(70)90196-2,linkinghub.elsevier.com,,,Projections from the body of the caudate nucleus in the rhesus monkey,,
10.1002/cne.901680203,821974.0,,https://onlinelibrary.wiley.com/resolve/openurl?genre=article&sid=nlm:pubmed&issn=0021-9967&date=1976&volume=168&issue=2&spage=197,onlinelibrary.wiley.com,,,"Areal differences in the laminar distribution of thalamic afferents in cortical fields of the insular, parietal and temporal regions of primates",,
10.1046/j.1460-9568.1999.00672.x,10383640.0,,https://onlinelibrary.wiley.com/resolve/openurl?genre=article&sid=nlm:pubmed&issn=0953-816X&date=1999&volume=11&issue=7&spage=2506,onlinelibrary.wiley.com,,,Architecture and connections of retrosplenial area 30 in the rhesus monkey (Macaca mulatta).,,
10.1093/cercor/bhl067,16950866.0,,https://academic.oup.com/cercor/article/17/7/1561/404540,academic.oup.com,,,Functional anatomy and interaction of fast and slow visual pathways in macaque monkeys,,
10.1002/cne.902540403,3805358.0,,https://onlinelibrary.wiley.com/resolve/openurl?genre=article&sid=nlm:pubmed&issn=0021-9967&date=1986&volume=254&issue=4&spage=460,onlinelibrary.wiley.com,,,"Afferent and efferent connections of the dorsolateral precentral gyrus (area 4, hand/arm region) in the macaque monkey, with comparisons to area 8",,
10.1093/cercor/bhv063,25899706.0,PMC4816794,https://www.ncbi.nlm.nih.gov/pmc/articles/PMC4816794/,www.ncbi.nlm.nih.gov,,,White matter connectivity of the thalamus delineates the functional architecture of competing thalamocortical systems,,
10.1016/0306-4522(84)90163-5,6382047.0,,https://linkinghub.elsevier.com/retrieve/pii/0306-4522(84)90163-5,linkinghub.elsevier.com,,,Atlas of cholinergic neurons in the forebrain and upper brainstem of the macaque based on monoclonal choline acetyltransferase immunohistochemistry and …,,
10.1016/0306-4522(88)90339-9,2452377.0,,https://linkinghub.elsevier.com/retrieve/pii/0306-4522(88)90339-9,linkinghub.elsevier.com,,,"Organization of the afferent connections of the mediodorsal thalamic nucleus in the rat, related to the mediodorsal-prefrontal topography",,
10.1002/cne.901900406,6772694.0,,https://onlinelibrary.wiley.com/resolve/openurl?genre=article&sid=nlm:pubmed&issn=0021-9967&date=1980&volume=190&issue=4&spage=699,onlinelibrary.wiley.com,,,Topographical organization of ascending cerebellar projections from the dentate and interposed nuclei in Macaca mulatta: An anterograde degeneration study,,
10.1523/jneurosci.11-09-02644.1991,1715388.0,PMC6575258,https://www.ncbi.nlm.nih.gov/pmc/articles/PMC6575258/,www.ncbi.nlm.nih.gov,,,"The origin of thalamic inputs to the"" hand"" representation in the primary motor cortex",,
10.1002/cne.901690307,823181.0,,https://onlinelibrary.wiley.com/resolve/openurl?genre=article&sid=nlm:pubmed&issn=0021-9967&date=1976&volume=169&issue=3&spage=371,onlinelibrary.wiley.com,,,Areal and laminar distribution of some pulvinar cortical efferents in rhesus monkey,,
10.1002/cne.902190405,6196382.0,,https://onlinelibrary.wiley.com/resolve/openurl?genre=article&sid=nlm:pubmed&issn=0021-9967&date=1983&volume=219&issue=4&spage=431,onlinelibrary.wiley.com,,,Transient cholinesterase staining in the mediodorsal nucleus of the thalamus and its connections in the developing human and monkey brain,,
10.1002/nbm.2789,22389048.0,,https://onlinelibrary.wiley.com/doi/10.1002/nbm.2789,onlinelibrary.wiley.com,,,Longitudinal 1H MRS assessment of the thalamus in a Coriaria lactone‐induced rhesus monkey status epilepticus model,,
10.1176/appi.ajp.158.9.1393,11532723.0,,https://ajp.psychiatryonline.org/doi/10.1176/appi.ajp.158.9.1393?url_ver=Z39.88-2003&rfr_id=ori%3Arid%3Acrossref.org&rfr_dat=cr_pub++0pubmed&,ajp.psychiatryonline.org,,,Expression of excitatory amino acid transporter transcripts in the thalamus of subjects with schizophrenia,,
,,,,,,,Differential contributions of spinal pathways to body representation in postcentral gyrus of Macaca mulatta.,,
10.1002/cne.903630408,8847421.0,,https://onlinelibrary.wiley.com/resolve/openurl?genre=article&sid=nlm:pubmed&issn=0021-9967&date=1995&volume=363&issue=4&spage=615,onlinelibrary.wiley.com,,,Limbic connections of the orbital and medial prefrontal cortex in macaque monkeys,,
10.1126/science.282.5391.1121,9804550.0,,https://www.science.org/doi/10.1126/science.282.5391.1121,www.science.org,,,Thalamic and brainstem contributions to large-scale plasticity of primate somatosensory cortex,,
10.1073/pnas.0507729103,16432221.0,PMC1345704,https://www.ncbi.nlm.nih.gov/pmc/articles/PMC1345704/,www.ncbi.nlm.nih.gov,,,Neural connections of the posteromedial cortex in the macaque,,
,,,,,,,The direct functional interrelation of sensory cortex and optic thalamus,,
10.1152/jn.1998.79.6.3143,9636114.0,,https://journals.physiology.org/doi/10.1152/jn.1998.79.6.3143?url_ver=Z39.88-2003&rfr_id=ori:rid:crossref.org&rfr_dat=cr_pub%20%200pubmed,journals.physiology.org,,,A role for the dorsal column in nociceptive visceral input into the thalamus of primates,,
10.1038/34584,9440687.0,,https://www.nature.com/articles/34584,www.nature.com,,,Constraints on cortical and thalamic projections: the no-strong-loops hypothesis,,
10.1016/0165-0173(83)90014-0,6850357.0,,https://linkinghub.elsevier.com/retrieve/pii/0165017383900140,linkinghub.elsevier.com,,,Cytoarchitectonic delineation of the ventral lateral thalamic region in the monkey,,
10.1113/jphysiol.1990.sp018307,2086774.0,PMC1181753,https://www.ncbi.nlm.nih.gov/pmc/articles/PMC1181753/,www.ncbi.nlm.nih.gov,,,Vestibular neurones in the parieto‐insular cortex of monkeys (Macaca fascicularis): visual and neck receptor responses.,,
10.3171/jns.1997.86.1.0077,8988085.0,,https://thejns.org:443/view/journals/j-neurosurg/86/1/article-p77.xml,thejns.org:443,,,Toward an agreement on terminology of nuclear and subnuclear divisions of the motor thalamus,,
10.1002/cne.1340,11596046.0,,https://onlinelibrary.wiley.com/resolve/openurl?genre=article&sid=nlm:pubmed&issn=0021-9967&date=2001&volume=439&issue=2&spage=162,onlinelibrary.wiley.com,,,Two types of projection neurons in the internal pallidum of primates: single‐axon tracing and three‐dimensional reconstruction,,
10.1016/0306-4522(84)90166-0,6472617.0,,https://linkinghub.elsevier.com/retrieve/pii/0306-4522(84)90166-0,linkinghub.elsevier.com,,,Dual pathways connecting the dorsolateral prefrontal cortex with the hippocampal formation and parahippocampal cortex in the rhesus monkey,,
10.1002/cne.903260308,1469120.0,,https://onlinelibrary.wiley.com/resolve/openurl?genre=article&sid=nlm:pubmed&issn=0021-9967&date=1992&volume=326&issue=3&spage=423,onlinelibrary.wiley.com,,,Thalamic connections of the vestibular cortical fields in the squirrel monkey (Saimiri sciureus),,
10.1016/j.neubiorev.2015.03.001,25757689.0,,https://linkinghub.elsevier.com/retrieve/pii/S0149-7634(15)00071-8,linkinghub.elsevier.com,,,The mediodorsal thalamus as a higher order thalamic relay nucleus important for learning and decision-making,,
10.1016/s0306-4522(00)00368-7,11074162.0,,https://linkinghub.elsevier.com/retrieve/pii/S0306-4522(00)00368-7,linkinghub.elsevier.com,,,Functional plasticity in primate somatosensory thalamus following chronic lesion of the ventral lateral spinal cord,,
10.1002/cne.902420102,3841131.0,,https://onlinelibrary.wiley.com/resolve/openurl?genre=article&sid=nlm:pubmed&issn=0021-9967&date=1985&volume=242&issue=1&spage=1,onlinelibrary.wiley.com,,,"The afferent connections of the substantia innominata in the monkey, Macaca fascicularis",,
10.1152/jn.90810.2008,18701750.0,PMC2576190,https://www.ncbi.nlm.nih.gov/pmc/articles/PMC2576190/,www.ncbi.nlm.nih.gov,,,Termination zones of functionally characterized spinothalamic tract neurons within the primate posterior thalamus,,
10.1016/0165-0173(79)90008-0,394815.0,,https://linkinghub.elsevier.com/retrieve/pii/0165017379900080,linkinghub.elsevier.com,,,Thalamocortical synaptic relations: a review with emphasis on the projections of specific thalamic nuclei to the primary sensory areas of the neocortex,,
10.1073/pnas.79.19.6098,6193514.0,PMC347060,https://www.ncbi.nlm.nih.gov/pmc/articles/PMC347060/,www.ncbi.nlm.nih.gov,,,Thalamic inputs to cytochrome oxidase-rich regions in monkey visual cortex.,,
10.1016/0028-3908(85)90070-x,3875056.0,,https://linkinghub.elsevier.com/retrieve/pii/002839088590070X,linkinghub.elsevier.com,,,"Regional brain uptake of 2-deoxyglucose in N-methyl-4-phenyl-1, 2, 3, 6-tetrahydropyridine (MPTP)—induced parkinsonism in the macaque monkey",,
10.1523/jneurosci.08-11-04049.1988,2846794.0,PMC6569486,https://www.ncbi.nlm.nih.gov/pmc/articles/PMC6569486/,www.ncbi.nlm.nih.gov,,,Common cortical and subcortical targets of the dorsolateral prefrontal and posterior parietal cortices in the rhesus monkey: evidence for a distributed neural network …,,
10.1159/000106279,,,https://karger.com/cfn/article-abstract/1/1/99/68904/The-Thalamus-of-the-Chimpanzee-pp-99-109I?redirectedFrom=fulltext,karger.com,,,The Thalamus of the Chimpanzee. pp. 99–109,,
10.1002/hipo.20276,17372974.0,,https://onlinelibrary.wiley.com/doi/10.1002/hipo.20276,onlinelibrary.wiley.com,,,Origin and topography of fibers contributing to the fornix in macaque monkeys,,
10.1002/ana.1119,11558788.0,,https://onlinelibrary.wiley.com/resolve/openurl?genre=article&sid=nlm:pubmed&issn=0364-5134&date=2001&volume=50&issue=3&spage=321,onlinelibrary.wiley.com,,,Nigrostriatal collaterals to thalamus degenerate in parkinsonian animal models,,
10.1002/(sici)1096-9861(19990524)408:1<11::aid-cne2>3.0.co;2-t,,,https://onlinelibrary.wiley.com/doi/10.1002/(SICI)1096-9861(19990524)408:1%3C11::AID-CNE2%3E3.0.CO;2-T,onlinelibrary.wiley.com,,,"Parvalbumin‐immunoreactive axon terminals in macaque monkey and human prefrontal cortex: laminar, regional, and target specificity of type I and type II synapses",,
10.1007/bf00237932,6766111.0,,https://link.springer.com/article/10.1007/BF00237932,link.springer.com,,,A horseradish peroxidase study of afferent connections of the globus pallidus in Macaca mulatta,,
10.1523/jneurosci.4793-11.2012,22496579.0,PMC3342673,https://www.ncbi.nlm.nih.gov/pmc/articles/PMC3342673/,www.ncbi.nlm.nih.gov,,,Pathways for emotions and attention converge on the thalamic reticular nucleus in primates,,
10.1002/cne.902710403,2454971.0,,https://onlinelibrary.wiley.com/resolve/openurl?genre=article&sid=nlm:pubmed&issn=0021-9967&date=1988&volume=271&issue=4&spage=493,onlinelibrary.wiley.com,,,Frontal eye field efferents in the macaque monkey: II. Topography of terminal fields in midbrain and pons,,
10.1016/0006-8993(83)90698-4,6626950.0,,https://linkinghub.elsevier.com/retrieve/pii/0006-8993(83)90698-4,linkinghub.elsevier.com,,,HRP studies on thalamocortical neurons related to the cerebellocerebral projection in the monkey,,
10.1523/jneurosci.1991-09.2009,19776262.0,PMC2796834,https://www.ncbi.nlm.nih.gov/pmc/articles/PMC2796834/,www.ncbi.nlm.nih.gov,,,“Black” responses dominate macaque primary visual cortex v1,,
10.1006/nimg.2002.1178,12482073.0,,https://linkinghub.elsevier.com/retrieve/pii/S105381190291178X,linkinghub.elsevier.com,,,"Stereotaxic localization, intersubject variability, and interhemispheric differences of the human auditory thalamocortical system",,
10.1093/cercor/bhx325,29190334.0,PMC6294409,https://www.ncbi.nlm.nih.gov/pmc/articles/PMC6294409/,www.ncbi.nlm.nih.gov,,,The ventral posterior lateral thalamus preferentially encodes externally applied versus active movement: implications for self-motion perception,,
10.1016/0006-8993(82)90613-8,7034865.0,,https://linkinghub.elsevier.com/retrieve/pii/0006-8993(82)90613-8,linkinghub.elsevier.com,,,Spatial memory impairments following damage to the mediodorsal nucleus of the thalamus in rhesus monkeys,,
10.1002/cne.903630409,8847422.0,,https://onlinelibrary.wiley.com/resolve/openurl?genre=article&sid=nlm:pubmed&issn=0021-9967&date=1995&volume=363&issue=4&spage=642,onlinelibrary.wiley.com,,,Sensory and premotor connections of the orbital and medial prefrontal cortex of macaque monkeys,,
,,,,,,,Anatomical organization of macaque monkey striate visual cortex,,
10.1002/cne.901430304,5002573.0,,https://onlinelibrary.wiley.com/resolve/openurl?genre=article&sid=nlm:pubmed&issn=0021-9967&date=1971&volume=143&issue=3&spage=313,onlinelibrary.wiley.com,,,Fiber systems of medial and anterior thalamus of Macaque,,
10.1523/jneurosci.22-18-08117.2002,12223566.0,PMC6758100,https://www.ncbi.nlm.nih.gov/pmc/articles/PMC6758100/,www.ncbi.nlm.nih.gov,,,"Thalamic relay nuclei of the basal ganglia form both reciprocal and nonreciprocal cortical connections, linking multiple frontal cortical areas",,
10.1002/cne.902800102,2465325.0,,https://onlinelibrary.wiley.com/resolve/openurl?genre=article&sid=nlm:pubmed&issn=0021-9967&date=1989&volume=280&issue=1&spage=1,onlinelibrary.wiley.com,,,Anatomic connections of inferior parietal cortex (area 7) with subcortical structures related to vestibulo‐ocular function in a monkey (macaca fascicularis),,
10.1002/cne.903190111,1375605.0,,https://onlinelibrary.wiley.com/resolve/openurl?genre=article&sid=nlm:pubmed&issn=0021-9967&date=1992&volume=319&issue=1&spage=123,onlinelibrary.wiley.com,,,The somatosensory thalamus of monkeys: cortical connections and a redefinition of nuclei in marmosets,,
10.1016/j.pain.2014.02.008,24530612.0,PMC4410007,https://www.ncbi.nlm.nih.gov/pmc/articles/PMC4410007/,www.ncbi.nlm.nih.gov,,,Thalamic activity and biochemical changes in individuals with neuropathic pain after spinal cord injury,,
10.1002/cne.903570409,7673486.0,,https://onlinelibrary.wiley.com/resolve/openurl?genre=article&sid=nlm:pubmed&issn=0021-9967&date=1995&volume=357&issue=4&spage=603,onlinelibrary.wiley.com,,,Cholinergic synaptic circuitry in the macaque prefrontal cortex,,
10.1016/0014-4886(70)90222-0,4987453.0,,https://linkinghub.elsevier.com/retrieve/pii/0014-4886(70)90222-0,linkinghub.elsevier.com,,,Localization of function within the dorsolateral prefrontal cortex of the rhesus monkey,,
10.1002/cne.903620203,8576432.0,,https://onlinelibrary.wiley.com/resolve/openurl?genre=article&sid=nlm:pubmed&issn=0021-9967&date=1995&volume=362&issue=2&spage=171,onlinelibrary.wiley.com,,,Auditory thalamocortical pathways defined in monkeys by calcium‐binding protein immunoreactivity,,
10.1093/cercor/bhv093,25979086.0,PMC4816796,https://www.ncbi.nlm.nih.gov/pmc/articles/PMC4816796/,www.ncbi.nlm.nih.gov,,,Evidence for mediodorsal thalamus and prefrontal cortex interactions during cognition in macaques,,
10.1007/bf00237085,407094.0,,https://link.springer.com/article/10.1007/BF00237085,link.springer.com,,,The morphology and laminar distribution of cortico-pulvinar neurons in the rhesus monkey,,
10.1038/673,10195147.0,,https://www.nature.com/articles/nn0798_226,www.nature.com,,,Cortically induced thalamic plasticity in the primate somatosensory system,,
10.1126/science.1223082,22879517.0,PMC3714098,https://www.ncbi.nlm.nih.gov/pmc/articles/PMC3714098/,www.ncbi.nlm.nih.gov,,,The pulvinar regulates information transmission between cortical areas based on attention demands,,
10.1016/0006-8993(83)91020-x,6839157.0,,https://linkinghub.elsevier.com/retrieve/pii/0006-8993(83)91020-X,linkinghub.elsevier.com,,,The organization of connections between the pulvinar and visual area MT in the macaque monkey,,
10.1016/0306-4522(87)90355-1,3670598.0,,https://linkinghub.elsevier.com/retrieve/pii/0306-4522(87)90355-1,linkinghub.elsevier.com,,,Distribution of GABA-immunoreactive neurons in the thalamus of the squirrel monkey (Saimiri sciureus),,
