29,10.1017/s0952523800004922,1375095.0,,https://www.cambridge.org/core/journals/visual-neuroscience/article/abs/segregated-thalamocortical-pathways-to-inferior-parietal-and-inferotemporal-cortex-in-macaque-monkey/D15415AF6BF28483F6B6676F4EA32B81,www.cambridge.org,,,Segregated thalamocortical pathways to inferior parietal and inferotemporal cortex in macaque monkey,Inferior parietal and inferotemporal cortex which process different aspects of visual information through largely segregated pathways from the visual cortex both receive thalamic afferents from the pulvinar complex We examined the topography of pulvinar projections to these two cortical regions by placing multiple injections of different tracers fluorescent dyes horseradish peroxidase in the inferotemporal and inferior parietal cortex of macaque monkeys The patterns of label observed after injections in inferotemporal gyrus indicate that area TEO and the ventral part of area V receive a major input from the ventral part of the lateral pulvinar PuLv while area TE has strong connections with the caudal pole of the medial pulvinar PuM and only minor connections with PuLv In contrast injections in the caudal inferior parietal cortex demonstrate that area PGc on the lateral surface of the inferior parietal gyrus and area POa in the ventral bank of intraparietal sulcus receive strong projections from PuM and the adjacent fringe of the dorsal part of the lateral pulvinar PuLd Paired injections of two different tracers in the inferotemporal and inferior parietal cortex of the same hemisphere revealed a nearly complete segregation of the two populations of labeled neurons in the pulvinar with only a small region of overlap in PuM close to the PuMPuLd border These results demonstrate a clear separation of the thalamic afferents to the inferior parietal and inferotemporal cortex which parallels the separation of prestriate afferents to these two cortical territories Morel  Bullier,Pulvinar; Inferotemporal and inferiorparietal cortex; Double-labeled study;
43,10.1017/s0952523800002406,8038123.0,,https://www.cambridge.org/core/journals/visual-neuroscience/article/abs/independence-and-merger-of-thalamocortical-channels-within-macaque-monkey-primary-visual-cortex-anatomy-of-interlaminar-projections/C43E2C4F18D0C32CB8C7C8595FE3D31D,www.cambridge.org,,,Independence and merger of thalamocortical channels within macaque monkey primary visual cortex: Anatomy of interlaminar projections,An important issue in understanding the function of primary visual cortex in the macaque monkey is how the several efferent neuron groups projecting to extrastriate cortex acquire their different response properties To assist our understanding of this issue we have compared the anatomical distribution of VI intrinsic relays that carry information derived from magno- M and parvocellular P divisions of the dorsal lateral geniculate nucleus between thalamic recipient neurons and interareal efferent neuron groups within area VI We used small iontophoretic injections of biocytin placed in individual cortical laminae of area VI to trace orthograde and retrograde inter- and intralaminar projections In either the same or adjacent sections the tissue was reacted for cytochrome oxidase CO which provides important landmarks for different efferent neuron populations located in CO rich blobs and CO poor interblobs in laminae  as well as defining clear boundaries for the populations of efferent neurons in laminae A and B This study shows that the interblobs but not the blobs receive direct input from thalamic recipient C neurons the interblobs receive relays from mid C neurons believed to receive convergent M and P inputs while blobs receive indirect inputs from either M or P or both pathways through layers B which receives M relays from layer Cα and A which receives P relays directly from the thalamus as well as from layer Cβ The property of orientation selectivity most prominent in the interblob regions and in layer B may have a common origin from oriented lateral projections made by mid C spiny stellate neurons While layer B efferents may emphasize M characteristics and layer A efferents emphasize P characteristics the dendrites of their constituent pyramidal neurons may provide anatomical access to the other channel since both blob and interblob regions in layers  have anatomical access to M and P driven relays despite functional differences in the way these properties may be expressed in the two compartments,Parallel pathways; Area VI; Vision; Biocytin; Cytochrome oxidase;
52,,8784824.0,,https://europepmc.org/article/med/8784824,europepmc.org,://europepmc.org/,europepmc.org,Changes in the number of astrocytes and microglia in the thalamus of the monkey Macaca fascicularis following long-term subclinical methylmercury exposure.,The effects of long-term subclinical exposure to methylmercury on the number of neurons oligodendrocytes astrocytes microglia endothelial cells and pericytes within the thalamus from the left side of the brain of the monkey Macaca fascicularis has been determined by use of the Optical Volume Fractionator stereological method The accumulated burden of inorganic mercury IHg within these same cell types has been determined by autometallographic methods Four groups of monkeys were exposed to methylmercury MeHg  micrograms Hgkg body weightday by mouth for  months  months  months or  months followed by  months without exposure clearance group Neurons oligodendrocytes endothelia and pericytes did not show a significant change in cell number for any exposure group Astrocyte cell number exhibited a significant decline for both the  month and clearance exposure groups The microglia in contrast showed a significant increase in the  month and clearance exposure groups Results from mercury speciation and quantification analysis of contralateral matched samples from the thalamus of the right side of the brain from these same monkeys indicated that MeHg concentrations plateaued at around  months exposure whereas the inorganic levels presumably derived from demethylation of MeHg continued to increase throughout all exposure durations Autometallographic determination of the distribution of IHg by cell type indicates that both the astrocytes and microglia contain substantially elevated IHg deposits relative to all other cell types The data suggest that the inorganic mercury present in the brains accumulating after long-term subclinical methyl mercury exposure may be a proximate toxic form of mercury responsible for the changes within the astrocyte and microglial populations,
85,,814157.0,,https://europepmc.org/article/med/814157,europepmc.org,://europepmc.org/,europepmc.org,Stereotaxic coordinates for the Rhesus monkey thalamus and mesencephalon referencing visual afferents and cytoarchitecture.,When using a stereotaxic instrument for visual field stimulation we found that electrode placements in the thalamus and mesencephalon of prone rhesus monkeys with the aid of avaiable atlases showed considerable errors As these animals are valuable for primate visual system reseach an atlas was constructed with methods that have not been used before for rhesus In addition the specific connections from the visual cortices superior colliculus and retina to the thalamus and mesencephalon are also shown Anesthetized monkeys of specific body dimensions had a matrix of pins inserted into the brain before fixation A matrix was used so that the penetrations seen in the sectioned brain could be cross related as a control for accurate measurements of the stereotaxic planes throughout the brain The surface of the whole brain frozen blocks were photographed on the microtome just before a cut section was taken These calibrated pictures formed the floor plan of the atlas as they represent more accurately the brain geometry than individual sections which are distorted by cutting staining and mounting Cytoarchitectural Nissl stain and axonal connectional Fink-Heimer stain information was transferred and adjusted onto the block pictures from their corresponding stained sections Follow up experiments showed that the present coordinates are accurate for these monkeys of restricted body dimensions In addition referencing visual axonal projections onto the same cytoarchitectural map in stereotaxic coordinates provides an atlas for localizing areas of the thalamus on a basis other than cytoarchitecture which receive combinations of visual inputs for further anatomical and physiological studies of the rhesus monkey visual system The atlas further demonstrates that projections do not necessarily follow the cytoarchitectural definition of an area but rather redefine the thalamus on the basis of specific axonal connections,
97,10.1016/s0079-6123(05)49013-5,16226584.0,,https://linkinghub.elsevier.com/retrieve/pii/S0079612305490135,linkinghub.elsevier.com,://linkinghub.elsevier.com/,linkinghub.elsevier.com,Corticocortical and thalamocortical information flow in the primate visual system,Visual cortex in primates contains a mosaic of several dozen visual areas that collectively occupy a large fraction of cerebral cortex  in the macaque  in humans These areas are richly interconnected by hundreds of reciprocal corticocortical pathways that underlie an anatomically based hierarchy containing multiple processing streams In addition there is a complex pattern of reciprocal connections with the pulvinar which itself contains about  architectonically distinct subdivisions Information flow through these corticocortical and corticothalamic circuits is regulated very dynamically by top-down as well as bottom-up processes including directed visual attention This chapter evaluates current hypotheses and evidence relating to the interaction between thalamocortical and corticocortical circuitry in the dynamic regulation of information flow,
105,,9407703.0,,https://europepmc.org/article/med/9407703,europepmc.org,://europepmc.org/,europepmc.org,Thalamic and amygdaloid connections of the auditory association cortex of the superior temporal gyrus in rhesus monkey (Macaca mulatta).,Thalamic and amygdaloid connections of three association auditory areas AA AA AA of the superior temporal gyrus STG were investigated In order to define the projections of the particular areas injections of fluorescent tracers were made in three monkeys Distribution of labeling indicates that area AA differs from areas AA and AA in patterns of both thalamo-cortical and amygdalo-cortical connections Area AA receives its predominant inputs from the ventral and dorsal nuclei of the medical geniculate body MGB The amygdaloid projection to the area AA originates from the basal nuclei whereas input from the lateral nucleus was not found The characteristic thalamic projections to areas AA and AA originate from the dorsal MGB nucleus and the polymodal nuclei of the posterior thalamus The density of projections from the dorsal nucleus gradually decreases from area AA to area AA while projections from the Plm Sg and Lim nuclei increase in the same direction Areas AA and AA are the source of strong connections with the lateral nucleus of amygdala which density increases progressively when injections shift from area AA to AA The basal and accessory basal nuclei are the source of a less significant amygdalofugal projections to both cortical areas Thus our experimental data indicate that influence of the polymodal thalamic nuclei increases substantially in the direction of the higher order association areas The strong relation of the same cortical areas with the lateral amygdaloid nucleus might suggest that areas AA and AA in addition to auditory input are the site of transfer of complex sensory information to the amygdala,
180,10.1016/s0079-6123(05)49001-9,16226572.0,,https://linkinghub.elsevier.com/retrieve/pii/S0079612305490019,linkinghub.elsevier.com,://linkinghub.elsevier.com/,linkinghub.elsevier.com,Pain and the primate thalamus,Noxious stimuli that are perceived as painful are conveyed to the thalamus by the spinothalamic tract STT and the spinotrigeminothalamic tracts vSTT arising from the dorsal horn of the spinal cord and medulla respectively Most investigators have concluded that the thalamic terminus of these pathways include several nuclei of the somatosensory and intralaminar thalamus Non-noxious stimuli are carried by the dorsal columnmedial lemniscal or the trigeminothalamic pathways which terminate in much more restricted regions of the thalamus than do the STT and vSTT systems Lesions of components of the somatosensory pathways result in profound changes in the circuitry of the recipient thalamic nuclei Not only are there the expected losses of the injured axons and their synaptic terminations but there is also a marked reduction of the intrinsic GABAergic circuitry even though the GABAergic neurons contributing to the circuitry have not been injured directly by lesions of the afferent pathways Such changes in the inhibitory circuitry observed in experimental animals may explain the abnormal bursting behavior of thalamic neurons found in patients with central deafferentation pain syndromes One potential approach to treating chronic pain would be to selectively remove the neurons of the superficial dorsal horn lamina I that specifically respond to noxious stimuli NS neurons A toxin has been developed SSP saporin that binds to the substance P receptor of NS neurons is internalized by the neuron and kills the cell SSP saporin has been shown to be effective in rats and we have recently demonstrated that it effectively causes lesions in NS neurons of the lumbar spinal cord in the monkey and reduces the animals response to noxious cutaneous stimuli The SSP-saporin administration to the lumbar spinal cord destroys a relatively small number of the total neurons that project into the somatosensory thalamus and does not lead to demonstrable changes in the inhibitory circuitry of the thalamus in contrast to lesions of major pathways that lead to reductions in the thalamic inhibitory circuitry,
189,10.1001/archneur.1965.00470020003001,14318481.0,,https://jamanetwork.com/journals/jamaneurology/article-abstract/565945,jamanetwork.com,://jamanetwork.com/,jamanetwork.com,"Effects of Lesions in the Intralaminar Thalamic Nuclei Upon Subthalamic Dyskinesia
A Study in the Rhesus Monkey",A STUDY was made to determine the physiological effects of lesions in the intralaminar thalamic nuclei upon subthalamic dyskinesia in the monkey This study was based upon seven rhesus monkeys taken from a larger series in which lesions in the subthalamic nucleus produced unequivocal choreoid activity of sufficient persistence and severity to be appropriate for physiological evaluation In these animals attempts were made to destroy portions of the intralaminar thalamic nuclei by electrodes introduced along the course of the internal medullary lamina Attempts were made to produce maximal lesions in the centromedian nucleus without destroying parts of the ventral lateral nucleus Lesions in five monkeys destroyed portions of the centromedian paracentral and central lateral nuclei Because of the spatial disposition of the intralaminar nuclei portions of the dorsomedial and ventral posterior medial nuclei frequently were concomitantly involved This study indicates that localized lesions destroying parts of the intralaminar nuclei do,
194,10.1017/s1472928803000190,,,https://www.cambridge.org/core/journals/thalamus-and-related-systems/article/abs/dual-pattern-of-corticothalamic-projection-of-the-premotor-cortex-in-macaque-monkeys/DFB132B8EBB554B776FB24FDFAC72D75,www.cambridge.org,,,The dual pattern of corticothalamic projection of the premotor cortex in macaque monkeys,The terminals formed by the corticothalamic axons are of two types small and giant endings This dual mode of corticothalamic projection has been found to be consistent across species mouse rat cat monkey and across systems visual auditory somatosensory and motor In the monkey this dual mode of projection has been demonstrated for the motor system in the case of the primary motor cortical area the supplementary motor area and the caudal part of the dorsal premotor cortex Based on biotinylated dextran amine anterograde tracing experiments a similar dual mode of termination morphology was found here for corticothalamic axons originating from the other three distinct sub-divisions of the premotor cortex Furthermore the pattern of arrangement of giant endings originating from the premotor cortex was found to be similar to that from the supplementary motor area but different to that from the primary motor cortex,Frontal lobe; Primate; Motor thalamus; Anterograde tracing; Axon terminal;
201,10.1001/archneur.1982.00510180003001,7046701.0,,https://jamanetwork.com/journals/jamaneurology/article-abstract/580777,jamanetwork.com,://jamanetwork.com/,jamanetwork.com,"Symmetry and Asymmetry in the Human Posterior Thalamus
I. Cytoarchitectonic Analysis in Normal Persons",We parceled the posterior thalami of nine normal human brains according to cytoarchitectonic criteria measured relevant nuclear volumes and sought leftright asymmetries We found that thalamic zones with multiple projections to the cerebral cortex using the centromedianparafascicular nucleus as a prototype were mostly symmetric This group includes the medial lateral and inferior pulvinar nuclei Thalamic zones that project discretely to a few clearly defined cortical receptor fields using the medial geniculate nucleus MG as a prototype closely reflected the asymmetry of the cortical fields to which they project Hence the MG showed a slight right-sided bias and the lateralis posterior nucleus related to the grossly asymmetric inferior parietal lobule showed a significant leftsided bias in eight of the nine brains measured This asymmetry may partially explain the apparent language specialization of the dominant thalamus,
209,10.1007/978-1-4684-5871-8_7,,,https://link.springer.com/chapter/10.1007/978-1-4684-5871-8_7,link.springer.com,,,Topographical Organization of the Thalamostriatal Projection in the Japanese Monkey; Macaca Fuscata; with Special Reference to the Centromedian-Parafascicular and Motor Thalamic Nuclei,Thalamostriatal projection was studied in monkeys Macaca fuscata using the axonal transport techniques of WGA-HRP and autoradiography to clarify the topographical organization Major findings were as follows The dorsomedial part of the centromedian nucleus CM projects to the dorsolateral strip in the leg territory of the putamen Put the ventromedial CM projects to the ventromedial strip in the face area and the lateral CM projects to the intermediate strip in the arm region of the Put The lateral part of the parafascicular nucleus Pf and nucleus ventralis anterior pars parvicellularis project to the lateral part of the head of the caudate nucleus CN and to the dorsolateral part of the rostral Put Whereas the medial Pf and nucleus ventralis anterior pars magnocellularis project to the medial and ventral parts of the CN and to the ventromedial part of the rostral Put The nucleus ventralis lateralis pars oralis projects to the Put The medial part of the nucleus subthalamicus STN projects to the head of CN and rostral Put while the lateral STN projects to the remaining whole part of the Put These keywords were added by machine and not by the authors This process is experimental and the keywords may be updated as the learning algorithm improves,Caudate Nucleus; Dorsal Raphe Nucleus; Label Terminal; Intralaminar Nucleus; Dorsolateral Part;
211,10.1016/s0079-6123(08)60486-0,2847245.0,,https://linkinghub.elsevier.com/retrieve/pii/S0079612308604860,linkinghub.elsevier.com,://linkinghub.elsevier.com/,linkinghub.elsevier.com,Chapter 26: Some extra-striate corticothalamic connections in macaque monkeys,This chapter describes some corticothalamic connections of the middle temporal MT area and the neighbouring MT-recipient visual region situated in the fundus and upper bank of superior temporal sulcus STS of the macaque monkey These connections turned out to be part of a parallel network reciprocally linking sensory structures to cortical and subcortical formations that from anatomical and electrophysiological investigations appear to be involved in the neural control of directionally oriented eye movements as well as in the orientation of visual attention In the macaque monkey the caudal half of the STS is an important cortical station of the extrageniculo-striate visual system in which discrete visual areas have been identified Among these the MT area is reputed to play a key role in visual motion analysis because of the property of its neurons to selectively respond to the direction and speed of moving visual stimuli Areas surrounding MT are less defined as to their anatomical limits connections and functions The pieces of evidence highlighted in this chapter suggest that the extrageniculo-striate corticothalamic system involving the superior temporal cortex is an intimate part of a complex network of functional units,
233,10.1016/b978-0-08-017007-7.50009-4,,,https://linkinghub.elsevier.com/retrieve/pii/B9780080170077500094,linkinghub.elsevier.com,://linkinghub.elsevier.com/,linkinghub.elsevier.com,IDEA OF A NEW ANATOMY OF THE THALAMUS,This chapter discusses the idea of a new anatomy of the thalamus Experimental neuroanatomical studies by the aid of the Nauta method have demonstrated that ascending projections from the cerebellum form the most widely distributed single subcortical afferent system impinging on the thalamus in the primate brain Cerebello-thalamic fibers terminate throughout all subdivisions of the ventral lateral VL and ventral anterior VA nuclei and in addition compose the most massive of the known afferent connections of the intralaminar nucleus centralis lateralis Pallido-thalamic and nigro-thalamic projections have a more restricted distribution in the V-VL complex These two fiber systems show only slight mutual overlap in their distribution but each has a unique well-defined area of convergence with the cerebello-thalamic projection,
241,10.1007/978-1-4615-1235-6_7,,,https://link.springer.com/chapter/10.1007/978-1-4615-1235-6_7,link.springer.com,,,Neuroanatomical Organization and Connections of the Motor Thalamus in Primates,Motor thalamus is a widely applied term in neuroscience research as well as in clinical practice However in contrast to other thalamic regions such as visual auditory limbic somatosensory where afferent inputs fit neatly within the cytoarchitectonic boundaries of respective thalamic subdivisions delineations of the motor thalamus are more ambiguous irrespective of the criteria on which they are based These keywords were added by machine and not by the authors This process is experimental and the keywords may be updated as the learning algorithm improves,Globus Pallidus; Thalamic Nucleus; Initial Axon Segment; Terminal Field; Biotinylated Dextran Amine;
250,,8337932.0,,https://europepmc.org/article/med/8337932,europepmc.org,://europepmc.org/,europepmc.org,The degree of GABA immunoreactivity is related to neuronal size in the thalamic reticular nucleus of the Japanese monkey; Macaca fuscata.,The thalamic reticular nucleus RT of the Japanese monkey Macaca fuscata was examined by light microscopic Golgi impregnation and by light and electron microscopic immunocytochemistry with anti- gamma-aminobutyric acid GABA antibody With the Golgi study RT neurons were classified into three groups predominantly according to their size Small neurons were mainly fusiform or ovoid in shape of somata and characterized by beaded structures along dendrites With GABA-immunocytochemical study RT neurons were also divided into three classes large GABA-negative medium-sized weakly GABA-positive and small strongly GABA-positive neurons GABA-positive small neurons were mainly fusiform or ovoid By electron microscopy small neurons showed a markedly invaginated nuclear envelope and thin cytoplasm GABA-positive axon terminals revealed symmetrical synaptic contact with GABA-negative dendrites The present results suggest that three kinds of neurons are present in monkey RT and that at least small ones operate as GABAergic interneurons,
259,10.1016/s0079-6123(02)36031-x,12143395.0,,https://linkinghub.elsevier.com/retrieve/pii/S007961230236031X,linkinghub.elsevier.com,://linkinghub.elsevier.com/,linkinghub.elsevier.com,Chapter 29 Anatomical origins of the classical receptive field and modulatory surround field of single neurons in macaque visual cortical area V1,From the analyses of our own and others anatomical and physiological data for the macaque visual system we arrive at a conclusion that three pathways can provide the V neuron with access to information from the visual field and affect its response First direct thalamic input can determine the size of the initial activating RF at high contrast Second lateral connections can enlarge the RF at low contrast by pooling information from larger regions at cortex that are otherwise ineffective when high contrast thalamic input is driving the cortical neuron Thirdly feedback from extrastriate cortex possibly together with overlap or interdigitation of coactive lateral connectional fields within V can provide a large and stimulus specific surround modulatory field The stimulus specificity of the interactions between the center and surround fields may be due to the orderly matching structure and different scales of intra-areal and feedback projection excitatory pathways The observed activity changes of single recorded excitatory neurons could be a result of the relative weight of excitation on the excitatory neurons themselves and on local inhibitory interneurons that synapse on them Inhibitory basket neurons driven by the local excitatory neurons could govern local interactions between cortical patches of different tuning properties resulting in more distant changes in excitatory input in the laterally connected intra-areal neuronal pools,
261,10.1016/b978-0-08-042274-9.50017-1,,,https://linkinghub.elsevier.com/retrieve/pii/B9780080422749500171,linkinghub.elsevier.com,://linkinghub.elsevier.com/,linkinghub.elsevier.com,Neuron Populations in Sensorimotor Thalamic Space: Connections; Parcellation; and Relation to Corticospinal Projections in the Macaque Monkey,This chapter examines the connections of the thalamus and sensorimotor cortex that contribute to the channeling and distribution of sensorimotor information and ultimately relay this information to the spinal cord and musculature All of the proprioceptive and tactile information specifying hand and finger sensorimotor action along with that from the cerebellum basal ganglia and brainstem which helps to shape this action is transmitted to the sensorimotor cortex through the thalamus The organization of thalamocortical neuron populations mediating this transfer is important and one analytic approach is to examine how these populations can be functionally compartmentalized on the basis of their extrinsic connections From the approach it is found that every part of the sensorimotor cortex receives a complex convergent and unique thalamic input At least six different somatotopically-organized neuron populations in this sensorimotor cortex give origin to direct corticospinal projections to each spinal segment transmitting in parallel information related to the execution of a particular manual task,
268,10.1007/978-1-349-11597-6_12,,,https://link.springer.com/chapter/10.1007/978-1-349-11597-6_12,link.springer.com,,,Distribution of Thalamic Input to the Sensorimotor Cortex of the Macaque Monkey,It is a truism that grasping a nearby object with the hand and examining and identifying its features by touch is a sensorimotor action of great complexity and sophistication We cannot use the hand in this way unless the brain receives a continuous inflow of proprioceptive and tactile sensory information mostly generated by the movement itself which specifies the position of the hand in space and the contact it makes with the object Nor can the sensory information needed to identify the form and surface features of this object be collected efficiently without using the appropriate exploratory movements of the fingers It has been known for a century that this intelligent adaptive manual action depends on the integrity of a large wedge of neocortex surrounding the central sulcus of the primate hemisphere directed movements being determined by precentral cortex and touch and proprioception requiring minimally an intact postcentral cortex However it is still not clear whether the integration of sensory and motor information that underlies the execution of a dextrous manual task begins first in the sensorimotor cortex or earlier in the thalamus The pattern of thalamocortical projections to the sensorimotor cortex should provide clues to this problem,
276,10.1007/978-1-4899-0194-1_3,,,https://link.springer.com/chapter/10.1007/978-1-4899-0194-1_3,link.springer.com,,,The Basal Ganglia-Thalamo-Cortical Connections with Special Reference to Output Neuronal Distributions in Macaque Monkeys,The thalamic subdivisions that receive basal ganglia inputs gain access to wide regions of the frontal lobe Five parallel basal ganglia-thalamo-cortical loops have been identified Alexander et al  The individual output channels in the medial pallidal segment GPm are concerned with different aspects of behavior Recently the motor related cortical areas such as cingulate motor area supplementary motor area SMA and premotor area have been divided into several subareas morphologically and functionally The striatum especially the ventral striatum is also heterogeneous both neurochemically and functionally Much attention has been given to the concept of parallel processing of information through the functionally distinct multiple channels instead of the classical concept of a general funneling of cortical inputs from widespread cortical areas These keywords were added by machine and not by the authors This process is experimental and the keywords may be updated as the learning algorithm improves,Motor Area; Supplementary Motor Area; Macaque Monkey; Premotor Area; Mesial Area;
277,10.1016/b978-0-08-042274-9.50021-3,,,https://linkinghub.elsevier.com/retrieve/pii/B9780080422749500213,linkinghub.elsevier.com,://linkinghub.elsevier.com/,linkinghub.elsevier.com,Cortical Projections of Motor Thalamus,A general organization principle of the thalamocortical connectivity of the sensory systems is the principle of parallel pathways According to this principle each cortical area involved in the processing of a single-sensory modality is the target of two or more subcortical pathways relaying into separate thalamic nuclei This chapter explores whether the cortical projections of motor thalamus are organized according to a similar parallel pathways principle It explains the study based on  injections of WGA-HRP and injections of fluorescent dyes in the agranular frontal cortex of macaque monkeys Most of the injections are made in electrophysiologically identified cortical sites This allows one to correlate the thalamocortical projections to the cytoarchitectonic cortical subdivision The chapter also presents the pattern of thalamic connections of each agranular frontal sector and the somatotopic organization of the motor thalamus,
314,10.1159/000106279,,,https://karger.com/cfn/article-abstract/1/1/99/68904/The-Thalamus-of-the-Chimpanzee-pp-99-109I?redirectedFrom=fulltext,karger.com,,,The Thalamus of the Chimpanzee. pp. 99–109: I. Terminations of the Somatic Afferent Systems,,
349,10.1017/s1472928803000189,,,https://www.cambridge.org/core/journals/thalamus-and-related-systems/article/abs/ascending-inputs-to-the-presupplementary-motor-area-in-the-macaque-monkey-cerebello-and-pallidothalamocortical-projections/7385CA29F413D1E0EFD21261B0010306,www.cambridge.org,,,Ascending inputs to the pre-supplementary motor area in the macaque monkey: cerebello- and pallido-thalamocortical projections,The goal of the present study was to determine the ascending sources to the pre-supplementary motor area pre-SMA in macaque monkeys using multiple labeling techniques We labeled the pallidothalamic projections using biotinylated dextran amine BDA and the cerebellothalamic projections using wheatgerm agglutinin conjugated to horseradish peroxidase The pre-SMA thalamocortical projections neurons were also labeled using cholera toxin subunit b following identification of the pre-SMA by location and by movements evoked by intracortical microstimulation The extent of pre-SMA was later confirmed by identifying characteristics from Nissl cytoarchitecture and SMI- immunoreactivity Thalamic nuclear boundaries were based on Nissl cytoarchitecture acetylcholinesterase chemoarchitecture and Cat- immunoreactivity Cerebellothalamic afferents were distributed predominantly to ventral lateral posterior nucleus VLp including medial and dorsal VLp while the pallidothalamic afferents projected more rostrally to ventral lateral anterior nucleus VLa and ventral anterior nucleus VA The pre-SMA thalamocortical projection neurons were primarily found in VA and medial VLp However scattered cells were also found in VLa dorsal VLp central lateral nucleus CL and mediodorsal nucleus MD Scattered pre-SMA projecting cells overlapped foci of cerebellar label in medial VLp Additionally limited overlap of pre-SMA cells and pallidothalamic labeling was found in caudal VA These findings suggest that the pre-SMA is uniquely positioned to integrate ascending basal ganglia and cerebellar information after a relay from VA and medial VLp These anatomical findings are consistent with the recent hypothesis that the pre-SMA acts as the coordinator of visual and motor loops in motor learning J Cogn Neurosci,Cerebellar; Pallidal; Basal ganglia; Motor thalamus; Biotinylated dextran amine; Cholera toxin subunit b;
362,10.1016/b978-0-08-017007-7.50008-2,,,https://linkinghub.elsevier.com/retrieve/pii/B9780080170077500082,linkinghub.elsevier.com,://linkinghub.elsevier.com/,linkinghub.elsevier.com,CONNECTIONS OF THE PARIETAL LOBE,This chapter describes the connections of the parietal lobe A large bundle of degenerated fibers leaves the superior parietal lobule and traverses the centrum semiovale before entering the internal capsule Some of these fibers leave the superior lobule in a nearly vertical direction to enter the extreme and external capsules which they follow as routes to their distribution fields in the claustrum and putamen Additional degenerating fibers coursing through the extreme capsule enter the dorsal portion of the insular cortex that contains numerous degenerating axon ramifications especially abundant in the infragranular layers A field of very dense terminal degeneration occupies the dorsal two-thirds and tapers to a narrow lateral zone in a more ventral part of the putamen Terminal degeneration is also present in the body of the caudate nucleus but no degenerating fibers can be identified in the globus pallidus Dense terminal degeneration is present in the nucleus lateralis posterior of the thalamus and extends among the adjacent cells of the nucleus reticularis thalami The degenerated fibers enter the nucleus lateralis posterior from the internal capsule as the components of the lateral thalamic peduncle by recurving in a medial and dorsal direction,
375,10.1016/s0079-6123(08)62677-1,2094917.0,,https://linkinghub.elsevier.com/retrieve/pii/S0079612308626771,linkinghub.elsevier.com,://linkinghub.elsevier.com/,linkinghub.elsevier.com,Chapter 5 The anatomical relationship of the prefrontal cortex with the striatopallidal system; the thalamus and the amygdala: evidence for a parallel organization,The connections among the different components of the basal ganglia the thalamus and the frontal cortex in the rat are organized in a series of parallel circuits The basic principle of a parallel organization of connections among the forebrain structures also holds for the rat This chapter focuses on the organization of basal ganglia-thalamocortical circuits that involve different parts of the PFC prefrontal cortex and on the association of the midline and intralaminar thalamic nuclei and the amygdala with these circuits in the rat The topographical organization in the corticostriatal striatopallidal pallidothalamic and MD-PFC connections recognizes at least four circuits that involve cytoarchitectonically distinct areas of the PFC The projections of individual nuclei of the nonspecific thalamic complex and of particular parts of the amygdala to the prefrontal cortical and striatal way stations of the principal circuits are in register with the parallel arrangement of these circuits The principle of a parallel organization in the basal ganglia-thalamocortical circuits cortex is diagrammatically represented in the chapter A possible way of integrating certain aspects of different parallel circuits is through the dopaminergic system,
378,10.1016/s0079-6123(08)62675-8,2094901.0,,https://linkinghub.elsevier.com/retrieve/pii/S0079612308626758,linkinghub.elsevier.com,://linkinghub.elsevier.com/,linkinghub.elsevier.com,Chapter 3 Qualitative and quantitative comparison of the prefrontal cortex in rat and in primates; including humans,This chapter focuses on the qualitative and quantitative comparison of the prefrontal cortex PFC in rats and in primates including humans Comparing the different connectivity patterns and the relative PFC size in rats and primates the evolution of the PFC is most probably a result of both an increase in cortical size and of the segregation and specialization of the cortical regions The segregation and extension of the cortical ocular dominance columns after birth which can coincide with the elimination of the neuronal structures that have become exuberant during development is reviewed in the chapter It also considers homology criteria in comparing the rat PFC with the primate PFC and the connections with the thalamus corticocortical connections and the connections with other subcortical nuclei Only those cortical areas are included in the PFC for which the reciprocal connections with the mediodorsal nucleus are stronger than are the connections with other thalamic nuclei When the criterion of heaviest reciprocal connections with MD is applied to the current data on thalamic connections the cortical areas are regarded as PFC areas The connectivity patterns of the rat and primate MDs are compared in the chapter It also tabulates the current data on reciprocal cortical connections with the different parts of the mediodorsal nucleus in the rat and primate It shows that the topographies of these cortical connections in the rat and primate are quite similar,
381,10.1016/b978-0-08-042274-9.50030-4,,,https://linkinghub.elsevier.com/retrieve/pii/B9780080422749500304,linkinghub.elsevier.com,://linkinghub.elsevier.com/,linkinghub.elsevier.com,Interspecies Comparison of Expression of GABA/Benzodiazepine Receptors and their Subunits in the Motor and Limbic Nuclei of the Thalamus,This chapter presents an overview on the current knowledge on the organization of γ-aminobutyric acid GABAergic mechanisms in the thalamus based on the literature data and findings on the motor and limbic thalamic nuclei in the cat and monkey In the monkey thalamus there is a greater variety of GABAergic synapses and the internuclear differences are more pronounced compared to the thalami of rat and cat Additionally in the monkey ventro-lateral nucleus GABAergic dendro-dendritic contacts between local circuit neurons are found commonly but in the ventral anterior nucleus they are absent The chapter also explores whether there are functional differences among the various types of GABAergic synapses found in thalamic nuclei The data described in the chapter suggests that different mechanisms of modulation of GABAergic transmission can exist in the thalami of different species and if this is the case the physiological properties of otherwise similar afferent inputs can differ as well,
398,10.1016/s1054-3589(06)54002-5,17175809.0,,https://linkinghub.elsevier.com/retrieve/pii/S1054358906540025,linkinghub.elsevier.com,://linkinghub.elsevier.com/,linkinghub.elsevier.com,Distribution of GABA Receptors in the Thalamus and Their Involvement in Nociception,This chapter discusses the distribution of γaminobutyric acid GABA receptors in the thalamus and their involvement in nociception GABA receptors are ubiquitously expressed in the central nervous system CNS including the thalamus This region is an important target for sensory information acting as a relay to several cortical areas The nociceptive input is modulated in the thalamus by intrinsic inhibitory mechanisms Because GABA mediates most inhibitory actions in the thalamus the distribution of the three currently known receptor subtypes GABA  GABAB  and GABAC  in particular nuclei of the thalamus may give some clues on its involvement in the processing of nociceptive information The chapter provides an overall picture of the distribution of GABA receptors subunits in the thalamus both during development and adulthood and also focuses on the reports that implicate thalamic GABA receptors in the modulation of nociceptive input Studies suggest that in some thalamic nuclei opioidinduced antinociception might be mediated by the GABAergic system,
405,10.1007/978-1-4615-0179-4_44,,,https://link.springer.com/chapter/10.1007/978-1-4615-0179-4_44,link.springer.com,,,Superficial and Deep Thalamo-Cortical Projections from the Oral Part of RHE Ventral Lateral Thalamic Nucleus (VLo) Receiving Inputs to the Internal Pallidal Segment (GPi) and Cerebellar Dentate Nucleus in the Macaque Monkey,Superficial thalamo-cortical T-C responses were recorded in the lateral motor area and dorsal premotor area PMd following stimulation of the cerebellar dentate nucleus in monkeys Sasaki  These responses were also recorded in the motor area following pallidal stimulation Nambu et al   An anatomical study was also carried out on the T-C projections from the motor thalamic subdivisions in monkeys using autoradiography Nakano et al  The latter fmdings demonstrated that the basal ganglia territories of the motor thalamic subdivisions give rise to superficial T-C projections whereas the cerebellar territories give rise only to deep T-C projections Recent studies using modem axonal tracing techniques have reported a possible overlap of basal ganglia and cerebellar inputs in the thalamic subdivisions Rouiller et al  Sakai et al  We have reported that the lateral parts of the nucleus ventralis lateralis pars oralis VLo receive cerebellar afferents from the ventral part of the dentate nucleus Nakano et al  These keywords were added by machine and not by the authors This process is experimental and the keywords may be updated as the learning algorithm improves,Cerebellar Nucleus; Macaque Monkey; Thalamic Neuron; Biotinylated Dextran Amine; Thalamic Input;
412,10.1016/b978-0-08-042274-9.50020-1,,,https://linkinghub.elsevier.com/retrieve/pii/B9780080422749500201,linkinghub.elsevier.com,://linkinghub.elsevier.com/,linkinghub.elsevier.com,Anatomical Organisation of Internal Neuronal Circuits in the Motor Thalamus,This chapter discusses the findings on the ultrastructure of the cerebellar and basal ganglia afferent territories in the primate thalamus There is a significant difference between the ventrolateral nucleus of the thalamus and VA regarding the density of local circuit neurons LCN however in the VL it is about three times higher than in the VA This is also reflected in staining patterns for γ-aminobutyric acid GABA or glutamic acid decarboxylase GAD in immunocytochemical preparations both at light and electron microscopic According to current views basic biophysical properties of all thalamic neurons are similar and determined by the state of ionic conductance on their membrane Yet the synaptic activity can influence these ionic conductances and if the synaptic inputs are organized differently in different regions the net effect on the firing pattern of thalamic cells can be different too The data available so far provide anatomical basis for the functional diversity within the motor thalamus At the same time functional relevance of anatomically distinct subdivisions of the motor thalamus in primates can be correlated only indirectly with some clinical findings in parkinsonian patients and experimental behavioral studies utilizing lesions or recordings in different regions of the motor thalamus in monkeys,
421,10.1159/000459859,808626.0,,https://karger.com/jmd/article-abstract/4/4/217/181004/Ventricular-Landmarks-for-Thalamic-Stereotaxy-in?redirectedFrom=fulltext,karger.com,,,Ventricular Landmarks for Thalamic Stereotaxy in Macaco,The most satisfactory ventricular landmarks and coordinate system for thalamic stereotaxy in the macaque are essentially the same as for man ie from CA and CP The degree of precision achieved when using this system is markedly superior to that obtained when using bony landmarks Stereotaxy methods using ventriculographic data are described Multivariate analyses were performed to analyse interspecific differences and more specially to determine whether a single stereotaxic atlas could be used for several species which seems to be the case for M mulatta and M speciosa,Macaco; Thalamus; Cerebral ventricles; Stereotaxy; Multivariate analysis;
